bbg_ticker,Generic_Ticker,Contract_Size,Category,Currency
JBZ6 Comdty,JB1 Comdty,100000000.0,Bond,JPY
JBU6 Comdty,JB1 Comdty,100000000.0,Bond,JPY
DXZ6 Curncy,DX1 Curncy,1000.0,Currency,USD
DXU6 Curncy,DX1 Curncy,1000.0,Currency,USD
JYZ6 Curncy,JY1 Curncy,12500000.0,Currency,USD
XIDU6 Curncy,XID1 Curncy,2000000.0,Currency,USD
NGX26 Comdty,NG1 Comdty,10000.0,Energy,USD
JYU6 Curncy,JY1 Curncy,12500000.0,Currency,USD
CLV6 Comdty,CL1 Comdty,1000.0,Energy,USD
ADU6 Curncy,AD1 Curncy,100000.0,Currency,USD
OEZ6 Comdty,OE1 Comdty,100000.0,Bond,EUR
USZ6 Comdty,US1 Comdty,100000.0,Bond,USD
TYZ6 Comdty,TY1 Comdty,100000.0,Bond,USD
FVZ6 Comdty,FV1 Comdty,100000.0,Bond,USD
PFRQ6 Comdty,PFR1 Comdty,100.0,Chemicals,USD
ZZBQ6 Comdty,ZZB1 Comdty,100.0,Chemicals,USD
SCOQ6 Comdty,SCO1 Comdty,100.0,Ferrous,USD
BBWF27 Comdty,BBW1 Comdty,1000.0,Energy,USD
AZBX26 Comdty,AZB1 Comdty,1000.0,Energy,USD
SCOX6 Comdty,SCO1 Comdty,100.0,Ferrous,USD
XUCU6 Curncy,XUC1 Curncy,100000.0,Currency,CNH
SBH7 Comdty,SB1 Comdty,112000.0,Agriculture,USD
XBV6 Comdty,XB1 Comdty,42000.0,Energy,USD
ZZBV6 Comdty,ZZB1 Comdty,100.0,Chemicals,USD
RSF7 Comdty,RS1 Comdty,20.0,Agriculture,CAD
CJPV26 Comdty,CJP1 Comdty,1000.0,Energy,USD
GCV6C 4650 Comdty,GC1 Comdty,100.0,Precious Metal,USD
GCV6C 4775 Comdty,GC1 Comdty,100.0,Precious Metal,USD
COF7 Comdty,CO1 Comdty,1000.0,Energy,USD
GCZ6 Comdty,GC1 Comdty,100.0,Precious Metal,USD
PFRF7 Comdty,PFR1 Comdty,100.0,Chemicals,USD
COZ6 Comdty,CO1 Comdty,1000.0,Energy,USD
BOZ6 Comdty,BO1 Comdty,60000.0,Agriculture,USD
LMZSDP 20261216 Comdty,LMZSDY Comdty,25.0,Base Metal,USD
LMZSDP 20261127 Comdty,LMZSDY Comdty,25.0,Base Metal,USD
LMZSDP 20261118 Comdty,LMZSDY Comdty,25.0,Base Metal,USD
LMZSDP 20260916 Comdty,LMZSDY Comdty,25.0,Base Metal,USD
W Z6 Comdty,W 1 Comdty,5000.0,Agriculture,USD
KCZ6 Comdty,KC1 Comdty,37500.0,Agriculture,USD
LMZSDP 20261021 Comdty,LMZSDY Comdty,25.0,Base Metal,USD
RXZ6 Comdty,RX1 Comdty,100000.0,Bond,EUR
RXU6 Comdty,RX1 Comdty,100000.0,Bond,EUR
IKZ6 Comdty,IK1 Comdty,100000.0,Bond,EUR
IKU6 Comdty,IK1 Comdty,100000.0,Bond,EUR
SBV6 Comdty,SB1 Comdty,112000.0,Agriculture,USD
OATZ6 Comdty,OAT1 Comdty,100000.0,Bond,EUR
OATU6 Comdty,OAT1 Comdty,100000.0,Bond,EUR
XIDQ6 Curncy,XID1 Curncy,2000000.0,Currency,USD
AZBZ26 Comdty,AZB1 Comdty,1000.0,Energy,USD
LMZSDP 20261126 Comdty,LMZSDY Comdty,25.0,Base Metal,USD
SIU6 Comdty,SI1 Comdty,5000.0,Precious Metal,USD
AUAV6C 72.5 Curncy,AUA1 Curncy,100000.0,Currency,USD
AUAU6C 70.5 Curncy,AUA1 Curncy,100000.0,Currency,USD
DFX6 Comdty,DF1 Comdty,10.0,Agriculture,USD
SCOU6 Comdty,SCO1 Comdty,100.0,Ferrous,USD
JWLV26 Comdty,JWL1 Comdty,1000.0,Energy,USD
C Z6 Comdty,C 1 Comdty,5000.0,Agriculture,USD
LMSNDP 20261127 Comdty,LMSNDY Comdty,5.0,Base Metal,USD
QSU6 Comdty,QS1 Comdty,100.0,Energy,USD
USU6 Comdty,US1 Comdty,100000.0,Bond,USD
LMZSDP 20261124 Comdty,LMZSDY Comdty,25.0,Base Metal,USD
LMZSDP 20270120 Comdty,LMZSDY Comdty,25.0,Base Metal,USD
LMAHDP 20261124 Comdty,LMAHDY Comdty,25.0,Base Metal,USD
LMAHDP 20261021 Comdty,LMAHDY Comdty,25.0,Base Metal,USD
AZBV26 Comdty,AZB1 Comdty,1000.0,Energy,USD
COX6 Comdty,CO1 Comdty,1000.0,Energy,USD
COV6 Comdty,CO1 Comdty,1000.0,Energy,USD
TYU6 Comdty,TY1 Comdty,100000.0,Bond,USD
WNZ6 Comdty,WN1 Comdty,100000.0,Bond,USD
WNU6 Comdty,WN1 Comdty,100000.0,Bond,USD
QSX6 Comdty,QS1 Comdty,100.0,Energy,USD
LMNIDP 20261120 Comdty,LMNIDY Comdty,6.0,Base Metal,USD
LMNIDP 20260916 Comdty,LMNIDY Comdty,6.0,Base Metal,USD
PLV6 Comdty,PL1 Comdty,50.0,Precious Metal,USD
TUZ6 Comdty,TU1 Comdty,200000.0,Bond,USD
TUU6 Comdty,TU1 Comdty,200000.0,Bond,USD
CNZ6 Comdty,CN1 Comdty,100000.0,Bond,CAD
CNU6 Comdty,CN1 Comdty,100000.0,Bond,CAD
CTZ6 Comdty,CT1 Comdty,50000.0,Agriculture,USD
FVU6 Comdty,FV1 Comdty,100000.0,Bond,USD
UXYZ6 Comdty,UXY1 Comdty,100000.0,Bond,USD
UXYU6 Comdty,UXY1 Comdty,100000.0,Bond,USD
LMSNDP 20261120 Comdty,LMSNDY Comdty,5.0,Base Metal,USD
G Z6 Comdty,G 1 Comdty,100000.0,Bond,GBP
G U6 Comdty,G 1 Comdty,100000.0,Bond,GBP
KCU6 Comdty,KC1 Comdty,37500.0,Agriculture,USD
ZZBU6 Comdty,ZZB1 Comdty,100.0,Chemicals,USD
SCOV6 Comdty,SCO1 Comdty,100.0,Ferrous,USD
SIZ6 Comdty,SI1 Comdty,5000.0,Precious Metal,USD
CTH7 Comdty,CT1 Comdty,50000.0,Agriculture,USD
LMZSDP 20260819 Comdty,LMZSDY Comdty,25.0,Base Metal,USD
LMNIDP 20261118 Comdty,LMNIDY Comdty,6.0,Base Metal,USD
LMNIDP 20260819 Comdty,LMNIDY Comdty,6.0,Base Metal,USD
NQU6P 29000 Index,NQ1 Index,20.0,Equity Index,USD
PAU6 Comdty,PA1 Comdty,100.0,Precious Metal,USD
LMNIDP 20261021 Comdty,LMNIDY Comdty,6.0,Base Metal,USD
LMSNDP 20261112 Comdty,LMSNDY Comdty,5.0,Base Metal,USD
LMSNDP 20260916 Comdty,LMSNDY Comdty,5.0,Base Metal,USD
GCU6C 4200 Comdty,GC1 Comdty,100.0,Precious Metal,USD
DFU6 Comdty,DF1 Comdty,10.0,Agriculture,USD
CCZ6 Comdty,CC1 Comdty,10.0,Agriculture,USD
CCU6 Comdty,CC1 Comdty,10.0,Agriculture,USD
CQDF27 Comdty,CQD1 Comdty,1000.0,Energy,USD
CQDZ26 Comdty,CQD1 Comdty,1000.0,Energy,USD
CQDX26 Comdty,CQD1 Comdty,1000.0,Energy,USD
CQDU26 Comdty,CQD1 Comdty,1000.0,Energy,USD
CQDV26 Comdty,CQD1 Comdty,1000.0,Energy,USD
JWLU26 Comdty,JWL1 Comdty,1000.0,Energy,USD
LMAHDP 20261110 Comdty,LMAHDY Comdty,25.0,Base Metal,USD
LMZSDP 20261110 Comdty,LMZSDY Comdty,25.0,Base Metal,USD
KEU6 Comdty,KE1 Comdty,100000000.0,Bond,KRW
KAAU6 Comdty,KAA1 Comdty,100000000.0,Bond,KRW
LMSNDP 20261106 Comdty,LMSNDY Comdty,5.0,Base Metal,USD
LMAHDP 20261106 Comdty,LMAHDY Comdty,25.0,Base Metal,USD
LMZSDP 20261106 Comdty,LMZSDY Comdty,25.0,Base Metal,USD
LMAHDP 20260916 Comdty,LMAHDY Comdty,25.0,Base Metal,USD
HWAU6 Index,HWA1 Index,5.0,Equity Index,USD
CLZ6 Comdty,CL1 Comdty,1000.0,Energy,USD
XBZ6 Comdty,XB1 Comdty,42000.0,Energy,USD
CJPZ26 Comdty,CJP1 Comdty,1000.0,Energy,USD
CJPQ26 Comdty,CJP1 Comdty,1000.0,Energy,USD
LMAHDP 20261104 Comdty,LMAHDY Comdty,25.0,Base Metal,USD
CJPF27 Comdty,CJP1 Comdty,1000.0,Energy,USD
CJPX26 Comdty,CJP1 Comdty,1000.0,Energy,USD
HWBU6 Index,HWB1 Index,2.0,Equity Index,USD
JADQ6C 64 Curncy,JAD1 Curncy,12500000.0,Currency,USD
LMSNDP 20261104 Comdty,LMSNDY Comdty,5.0,Base Metal,USD
CQDQ26 Comdty,CQD1 Comdty,1000.0,Energy,USD
CJPN26 Comdty,CJP1 Comdty,1000.0,Energy,USD
AUAQ6C 70 Curncy,AUA1 Curncy,100000.0,Currency,USD
PFRN6 Comdty,PFR1 Comdty,100.0,Chemicals,USD
AZBU26 Comdty,AZB1 Comdty,1000.0,Energy,USD
SCON6 Comdty,SCO1 Comdty,100.0,Ferrous,USD
MFSN6 Comdty,MFS1 Comdty,100.0,Ferrous,USD
LMSNDP 20261030 Comdty,LMSNDY Comdty,5.0,Base Metal,USD
LMSNDP 20261021 Comdty,LMSNDY Comdty,5.0,Base Metal,USD
TWTU6 Index,TWT1 Index,40.0,Equity Index,USD
COU6 Comdty,CO1 Comdty,1000.0,Energy,USD
LMZSDP 20261029 Comdty,LMZSDY Comdty,25.0,Base Metal,USD
LMAHDP 20261029 Comdty,LMAHDY Comdty,25.0,Base Metal,USD
LMSNDP 20261028 Comdty,LMSNDY Comdty,5.0,Base Metal,USD
LMNIDP 20261028 Comdty,LMNIDY Comdty,6.0,Base Metal,USD
HGU6 Comdty,HG1 Comdty,25000.0,Base Metal,USD
S X6 Comdty,S 1 Comdty,5000.0,Agriculture,USD
LMZSDP 20261027 Comdty,LMZSDY Comdty,25.0,Base Metal,USD
ECU6 Curncy,EC1 Curncy,125000.0,Currency,USD
PFRU6 Comdty,PFR1 Comdty,100.0,Chemicals,USD
GCU6C 4300 Comdty,GC1 Comdty,100.0,Precious Metal,USD
UXN6 Index,UX1 Index,1000.0,Equity Index,USD
AZBQ26 Comdty,AZB1 Comdty,1000.0,Energy,USD
JWLQ26 Comdty,JWL1 Comdty,1000.0,Energy,USD
PLF7 Comdty,PL1 Comdty,50.0,Precious Metal,USD
W U6 Comdty,W 1 Comdty,5000.0,Agriculture,USD
XIDN6 Curncy,XID1 Curncy,2000000.0,Currency,USD
NQU6 Index,NQ1 Index,20.0,Equity Index,USD
XPTUSD 20260720 Curncy,XPTUSD Curncy,1.0,Precious Metal,USD
XPTUSD 20260716 Curncy,XPTUSD Curncy,1.0,Precious Metal,USD
KMU6 Index,KM1 Index,250000.0,Equity Index,KRW
LMNIDP 20260715 Comdty,LMNIDY Comdty,6.0,Base Metal,USD
IACM7 Comdty,IAC1 Comdty,100.0,Ferrous,USD
IACU6 Comdty,IAC1 Comdty,100.0,Ferrous,USD
LMZSDP 20261009 Comdty,LMZSDY Comdty,25.0,Base Metal,USD
LMZSDP 20260715 Comdty,LMZSDY Comdty,25.0,Base Metal,USD
LMSNDP 20261009 Comdty,LMSNDY Comdty,5.0,Base Metal,USD
LMNIDP 20261009 Comdty,LMNIDY Comdty,6.0,Base Metal,USD
LMNIDP 20261008 Comdty,LMNIDY Comdty,6.0,Base Metal,USD
LMSNDP 20260819 Comdty,LMSNDY Comdty,5.0,Base Metal,USD
LMZSDP 20261008 Comdty,LMZSDY Comdty,25.0,Base Metal,USD
HIN6 Index,HI1 Index,50.0,Equity Index,HKD
SIQ6C 65 Comdty,SI1 Comdty,5000.0,Precious Metal,USD
CLU6 Comdty,CL1 Comdty,1000.0,Energy,USD
LMAHDP 20261007 Comdty,LMAHDY Comdty,25.0,Base Metal,USD
LMSNDP 20261007 Comdty,LMSNDY Comdty,5.0,Base Metal,USD
RSX6 Comdty,RS1 Comdty,20.0,Agriculture,CAD
LMAHDP 20261006 Comdty,LMAHDY Comdty,25.0,Base Metal,USD
LMAHDP 20260715 Comdty,LMAHDY Comdty,25.0,Base Metal,USD
LMNIDP 20261006 Comdty,LMNIDY Comdty,6.0,Base Metal,USD
LMNIDP 20261002 Comdty,LMNIDY Comdty,6.0,Base Metal,USD
CQDN26 Comdty,CQD1 Comdty,1000.0,Energy,USD
CJPM26 Comdty,CJP1 Comdty,1000.0,Energy,USD
LMNIDP 20261001 Comdty,LMNIDY Comdty,6.0,Base Metal,USD
IACM6 Comdty,IAC1 Comdty,100.0,Ferrous,USD
ZZBM6 Comdty,ZZB1 Comdty,100.0,Chemicals,USD
SCOM6 Comdty,SCO1 Comdty,100.0,Ferrous,USD
UEAQ6P 1.135 Curncy,UEA1 Curncy,125000.0,Currency,USD
SIQ6P 58.00 Comdty,SI1 Comdty,5000.0,Precious Metal,USD
LMNIDP 20260929 Comdty,LMNIDY Comdty,6.0,Base Metal,USD
LMCADP 20260715 Comdty,LMCADY Comdty,25.0,Base Metal,USD
RTYU6 Index,RTY1 Index,50.0,Equity Index,USD
UEAQ6P 1.125 Curncy,UEA1 Curncy,125000.0,Currency,USD
LMCADP 20260929 Comdty,LMCADY Comdty,25.0,Base Metal,USD
JGSM6 Index,JGS1 Index,2.0,Equity Index,USD
IACV6 Comdty,IAC1 Comdty,100.0,Ferrous,USD
IACN6 Comdty,IAC1 Comdty,100.0,Ferrous,USD
LMAHDP 20261118 Comdty,LMAHDY Comdty,25.0,Base Metal,USD
NQU6P 28000 Index,NQ1 Index,20.0,Equity Index,USD
HCTM6 Index,HCT1 Index,50.0,Equity Index,HKD
LMZSDP 20260925 Comdty,LMZSDY Comdty,25.0,Base Metal,USD
QCU6 Comdty,QC1 Comdty,10.0,Agriculture,GBP
LMZSDP 20260923 Comdty,LMZSDY Comdty,25.0,Base Metal,USD
CLQ6 Comdty,CL1 Comdty,1000.0,Energy,USD
LMNIDP 20260925 Comdty,LMNIDY Comdty,6.0,Base Metal,USD
LMNIDP 20260924 Comdty,LMNIDY Comdty,6.0,Base Metal,USD
LMAHDP 20260923 Comdty,LMAHDY Comdty,25.0,Base Metal,USD
LMAHDP 20260819 Comdty,LMAHDY Comdty,25.0,Base Metal,USD
HCTZ6 Index,HCT1 Index,50.0,Equity Index,HKD
PLQ6C 1800 Comdty,PL1 Comdty,50.0,Precious Metal,USD
COQ6 Comdty,CO1 Comdty,1000.0,Energy,USD
AUAQ6C 71.5 Curncy,AUA1 Curncy,100000.0,Currency,USD
HIM6 Index,HI1 Index,50.0,Equity Index,HKD
C N6C 600 Comdty,C 1 Comdty,5000.0,Agriculture,USD
C N6 Comdty,C 1 Comdty,5000.0,Agriculture,USD
PFRX6 Comdty,PFR1 Comdty,100.0,Chemicals,USD
SBN6 Comdty,SB1 Comdty,112000.0,Agriculture,USD
COQ6C 110 Comdty,CO1 Comdty,1000.0,Energy,USD
PLN6 Comdty,PL1 Comdty,50.0,Precious Metal,USD
CJPU26 Comdty,CJP1 Comdty,1000.0,Energy,USD
UXM6 Index,UX1 Index,1000.0,Equity Index,USD
LMAHDP 20260917 Comdty,LMAHDY Comdty,25.0,Base Metal,USD
RTYM6 Index,RTY1 Index,50.0,Equity Index,USD
HWBM6 Index,HWB1 Index,2.0,Equity Index,USD
CTN6 Comdty,CT1 Comdty,50000.0,Agriculture,USD
W N6 Comdty,W 1 Comdty,5000.0,Agriculture,USD
LMNIDP 20260915 Comdty,LMNIDY Comdty,6.0,Base Metal,USD
LMNIDP 20260617 Comdty,LMNIDY Comdty,6.0,Base Metal,USD
LMZSDP 20260915 Comdty,LMZSDY Comdty,25.0,Base Metal,USD
LMNIDP 20260911 Comdty,LMNIDY Comdty,6.0,Base Metal,USD
LMAHDP 20260915 Comdty,LMAHDY Comdty,25.0,Base Metal,USD
LMAHDP 20260731 Comdty,LMAHDY Comdty,25.0,Base Metal,USD
HIM6C 27400 Index,HI1 Index,50.0,Equity Index,HKD
LMAHDP 20260911 Comdty,LMAHDY Comdty,25.0,Base Metal,USD
NXU6 Index,NX1 Index,5.0,Equity Index,USD
HWAM6 Index,HWA1 Index,5.0,Equity Index,USD
XIDM6 Curncy,XID1 Curncy,2000000.0,Currency,USD
SIN6 Comdty,SI1 Comdty,5000.0,Precious Metal,USD
LMAHDP 20260910 Comdty,LMAHDY Comdty,25.0,Base Metal,USD
LMNIDP 20260910 Comdty,LMNIDY Comdty,6.0,Base Metal,USD
LMZSDP 20260910 Comdty,LMZSDY Comdty,25.0,Base Metal,USD
NQM6P 29400 Index,NQ1 Index,20.0,Equity Index,USD
GCN6C 4600 Comdty,GC1 Comdty,100.0,Precious Metal,USD
HGN6 Comdty,HG1 Comdty,25000.0,Base Metal,USD
GCQ6 Comdty,GC1 Comdty,100.0,Precious Metal,USD
LMAHDP 20260909 Comdty,LMAHDY Comdty,25.0,Base Metal,USD
LMNIDP 20260909 Comdty,LMNIDY Comdty,6.0,Base Metal,USD
LMNIDP 20260908 Comdty,LMNIDY Comdty,6.0,Base Metal,USD
LMZSDP 20260908 Comdty,LMZSDY Comdty,25.0,Base Metal,USD
AUAN6C 72 Curncy,AUA1 Curncy,100000.0,Currency,USD
RSN6 Comdty,RS1 Comdty,20.0,Agriculture,CAD
XUCM6 Curncy,XUC1 Curncy,100000.0,Currency,CNH
ECM6 Curncy,EC1 Curncy,125000.0,Currency,USD
LMAHDP 20260904 Comdty,LMAHDY Comdty,25.0,Base Metal,USD
DFN6 Comdty,DF1 Comdty,10.0,Agriculture,USD
HGN6P 625 Comdty,HG1 Comdty,25000.0,Base Metal,USD
DXM6 Curncy,DX1 Curncy,1000.0,Currency,USD
LMSNDP 20260617 Comdty,LMSNDY Comdty,5.0,Base Metal,USD
JADM6C 64 Curncy,JAD1 Curncy,12500000.0,Currency,USD
JADM6C 64.5 Curncy,JAD1 Curncy,12500000.0,Currency,USD
PFRZ6 Comdty,PFR1 Comdty,100.0,Chemicals,USD
PFRV6 Comdty,PFR1 Comdty,100.0,Chemicals,USD
NQM6 Index,NQ1 Index,20.0,Equity Index,USD
LMSNDP 20260715 Comdty,LMSNDY Comdty,5.0,Base Metal,USD
HON6 Comdty,HO1 Comdty,42000.0,Energy,USD
XBN6 Comdty,XB1 Comdty,42000.0,Energy,USD
ZZBK6 Comdty,ZZB1 Comdty,100.0,Chemicals,USD
CJPK26 Comdty,CJP1 Comdty,1000.0,Energy,USD
IACK6 Comdty,IAC1 Comdty,100.0,Ferrous,USD
SCOK6P 95 Comdty,SCO1 Comdty,100.0,Ferrous,USD
SCOK6C 120 Comdty,SCO1 Comdty,100.0,Ferrous,USD
CQDM26 Comdty,CQD1 Comdty,1000.0,Energy,USD
PFRK6 Comdty,PFR1 Comdty,100.0,Chemicals,USD
SCOK6 Comdty,SCO1 Comdty,100.0,Ferrous,USD
LMZSDP 20260828 Comdty,LMZSDY Comdty,25.0,Base Metal,USD
DATU6 Comdty,DAT1 Comdty,1000.0,Energy,USD
AULU26 Comdty,AUL1 Comdty,1000.0,Energy,USD
HCTK6 Index,HCT1 Index,50.0,Equity Index,HKD
CON6 Comdty,CO1 Comdty,1000.0,Energy,USD
QSQ6 Comdty,QS1 Comdty,100.0,Energy,USD
GCN6C 4800 Comdty,GC1 Comdty,100.0,Precious Metal,USD
AUAM6C 70.5 Curncy,AUA1 Curncy,100000.0,Currency,USD
LMAHDP 20260827 Comdty,LMAHDY Comdty,25.0,Base Metal,USD
LMAHDP 20260714 Comdty,LMAHDY Comdty,25.0,Base Metal,USD
LMNIDP 20260827 Comdty,LMNIDY Comdty,6.0,Base Metal,USD
CLN6 Comdty,CL1 Comdty,1000.0,Energy,USD
NXM6 Index,NX1 Index,5.0,Equity Index,USD
XIDK6 Curncy,XID1 Curncy,2000000.0,Currency,USD
LMNIDP 20260821 Comdty,LMNIDY Comdty,6.0,Base Metal,USD
HCK6 Index,HC1 Index,50.0,Equity Index,HKD
HIK6 Index,HI1 Index,50.0,Equity Index,HKD
GCM6 Comdty,GC1 Comdty,100.0,Precious Metal,USD
LMZSDP 20260820 Comdty,LMZSDY Comdty,25.0,Base Metal,USD
LMZSDP 20260617 Comdty,LMZSDY Comdty,25.0,Base Metal,USD
LMCADP 20260819 Comdty,LMCADY Comdty,25.0,Base Metal,USD
UEAM6C 1.185 Curncy,UEA1 Curncy,125000.0,Currency,USD
PAM6 Comdty,PA1 Comdty,100.0,Precious Metal,USD
GCM6C 4800 Comdty,GC1 Comdty,100.0,Precious Metal,USD
UXK6 Index,UX1 Index,1000.0,Equity Index,USD
LMNIDP 20260520 Comdty,LMNIDY Comdty,6.0,Base Metal,USD
LMNIDP 20260814 Comdty,LMNIDY Comdty,6.0,Base Metal,USD
LMCADP 20260814 Comdty,LMCADY Comdty,25.0,Base Metal,USD
LMZSDP 20260814 Comdty,LMZSDY Comdty,25.0,Base Metal,USD
LMZSDP 20260520 Comdty,LMZSDY Comdty,25.0,Base Metal,USD
LMAHDP 20260813 Comdty,LMAHDY Comdty,25.0,Base Metal,USD
LMZSDP 20260813 Comdty,LMZSDY Comdty,25.0,Base Metal,USD
LMNIDP 20260813 Comdty,LMNIDY Comdty,6.0,Base Metal,USD
LMNIDP 20260812 Comdty,LMNIDY Comdty,6.0,Base Metal,USD
LMZSDP 20260811 Comdty,LMZSDY Comdty,25.0,Base Metal,USD
LMCADP 20260811 Comdty,LMCADY Comdty,25.0,Base Metal,USD
LMCADP 20260617 Comdty,LMCADY Comdty,25.0,Base Metal,USD
LMNIDP 20260807 Comdty,LMNIDY Comdty,6.0,Base Metal,USD
LMAHDP 20260617 Comdty,LMAHDY Comdty,25.0,Base Metal,USD
LMAHDP 20260807 Comdty,LMAHDY Comdty,25.0,Base Metal,USD
LMSNDP 20260806 Comdty,LMSNDY Comdty,5.0,Base Metal,USD
LMNIDP 20260806 Comdty,LMNIDY Comdty,6.0,Base Metal,USD
UEAK6C 1.175 Curncy,UEA1 Curncy,125000.0,Currency,USD
JADK6C 64 Curncy,JAD1 Curncy,12500000.0,Currency,USD
TOPJ6 Comdty,TOP1 Comdty,25.0,Base Metal,USD
CLM6 Comdty,CL1 Comdty,1000.0,Energy,USD
CQDK26 Comdty,CQD1 Comdty,1000.0,Energy,USD
PFRJ6 Comdty,PFR1 Comdty,100.0,Chemicals,USD
ZZBJ6 Comdty,ZZB1 Comdty,100.0,Chemicals,USD
MFSJ6 Comdty,MFS1 Comdty,100.0,Ferrous,USD
IACJ6 Comdty,IAC1 Comdty,100.0,Ferrous,USD
CJPJ26 Comdty,CJP1 Comdty,1000.0,Energy,USD
SCOJ6 Comdty,SCO1 Comdty,100.0,Ferrous,USD
GCM6C 4975 Comdty,GC1 Comdty,100.0,Precious Metal,USD
LMAHDP 20260730 Comdty,LMAHDY Comdty,25.0,Base Metal,USD
LMAHDP 20260630 Comdty,LMAHDY Comdty,25.0,Base Metal,USD
SIM6 Comdty,SI1 Comdty,5000.0,Precious Metal,USD
LMZSDP 20260728 Comdty,LMZSDY Comdty,25.0,Base Metal,USD
W K6 Comdty,W 1 Comdty,5000.0,Agriculture,USD
COM6 Comdty,CO1 Comdty,1000.0,Energy,USD
HCTJ6 Index,HCT1 Index,50.0,Equity Index,HKD
LMNIDP 20260727 Comdty,LMNIDY Comdty,6.0,Base Metal,USD
LMAHDP 20260724 Comdty,LMAHDY Comdty,25.0,Base Metal,USD
LMNIDP 20260724 Comdty,LMNIDY Comdty,6.0,Base Metal,USD
LMNIDP 20260723 Comdty,LMNIDY Comdty,6.0,Base Metal,USD
ORQ6 Comdty,OR1 Comdty,5.0,Chemicals,USD
ORN6 Comdty,OR1 Comdty,5.0,Chemicals,USD
HIJ6 Index,HI1 Index,50.0,Equity Index,HKD
LMNIDP 20260722 Comdty,LMNIDY Comdty,6.0,Base Metal,USD
S N6 Comdty,S 1 Comdty,5000.0,Agriculture,USD
SIK6 Comdty,SI1 Comdty,5000.0,Precious Metal,USD
LMNIDP 20260721 Comdty,LMNIDY Comdty,6.0,Base Metal,USD
JADK6C 64.5 Curncy,JAD1 Curncy,12500000.0,Currency,USD
GCK6C 4900 Comdty,GC1 Comdty,100.0,Precious Metal,USD
XPTUSD 20260423 Curncy,XPTUSD Curncy,1.0,Precious Metal,USD
C K6C 500 Comdty,C 1 Comdty,5000.0,Agriculture,USD
RSK6 Comdty,RS1 Comdty,20.0,Agriculture,CAD
LMNIDP 20260720 Comdty,LMNIDY Comdty,6.0,Base Metal,USD
BBWH27 Comdty,BBW1 Comdty,1000.0,Energy,USD
BBWG27 Comdty,BBW1 Comdty,1000.0,Energy,USD
XPTUSD 20260421 Curncy,XPTUSD Curncy,1.0,Precious Metal,USD
LMPBDP 20260716 Comdty,LMPBDY Comdty,25.0,Base Metal,USD
LMPBDP 20260520 Comdty,LMPBDY Comdty,25.0,Base Metal,USD
HGK6 Comdty,HG1 Comdty,25000.0,Base Metal,USD
BBWU26 Comdty,BBW1 Comdty,1000.0,Energy,USD
BBWQ26 Comdty,BBW1 Comdty,1000.0,Energy,USD
BBWN26 Comdty,BBW1 Comdty,1000.0,Energy,USD
LMCADP 20260716 Comdty,LMCADY Comdty,25.0,Base Metal,USD
XPTUSD 20260420 Curncy,XPTUSD Curncy,1.0,Precious Metal,USD
UXJ6 Index,UX1 Index,1000.0,Equity Index,USD
CTK6 Comdty,CT1 Comdty,50000.0,Agriculture,USD
LMCADP 20260714 Comdty,LMCADY Comdty,25.0,Base Metal,USD
LMCADP 20260520 Comdty,LMCADY Comdty,25.0,Base Metal,USD
LMNIDP 20260714 Comdty,LMNIDY Comdty,6.0,Base Metal,USD
ESM6 Index,ES1 Index,50.0,Equity Index,USD
XPTUSD 20260416 Curncy,XPTUSD Curncy,1.0,Precious Metal,USD
LMAHDP 20260713 Comdty,LMAHDY Comdty,25.0,Base Metal,USD
LMCADP 20260710 Comdty,LMCADY Comdty,25.0,Base Metal,USD
LMCADP 20260709 Comdty,LMCADY Comdty,25.0,Base Metal,USD
LMAHDP 20260708 Comdty,LMAHDY Comdty,25.0,Base Metal,USD
LMAHDP 20260707 Comdty,LMAHDY Comdty,25.0,Base Metal,USD
XPTUSD 20260414 Curncy,XPTUSD Curncy,1.0,Precious Metal,USD
LMNIDP 20260415 Comdty,LMNIDY Comdty,6.0,Base Metal,USD
LMSNDP 20260709 Comdty,LMSNDY Comdty,5.0,Base Metal,USD
LMNIDP 20260709 Comdty,LMNIDY Comdty,6.0,Base Metal,USD
QSK6 Comdty,QS1 Comdty,100.0,Energy,USD
LMAHDP 20260709 Comdty,LMAHDY Comdty,25.0,Base Metal,USD
LMAHDP 20260702 Comdty,LMAHDY Comdty,25.0,Base Metal,USD
LMCADP 20260707 Comdty,LMCADY Comdty,25.0,Base Metal,USD
QSM6 Comdty,QS1 Comdty,100.0,Energy,USD
LMPBDP 20260707 Comdty,LMPBDY Comdty,25.0,Base Metal,USD
LMPBDP 20260415 Comdty,LMPBDY Comdty,25.0,Base Metal,USD
LMZSDP 20260707 Comdty,LMZSDY Comdty,25.0,Base Metal,USD
LMZSDP 20260612 Comdty,LMZSDY Comdty,25.0,Base Metal,USD
SBK6 Comdty,SB1 Comdty,112000.0,Agriculture,USD
S K6 Comdty,S 1 Comdty,5000.0,Agriculture,USD
LFAH6 Comdty,LFA1 Comdty,1000.0,Base Metal,USD
LMZSDP 20260702 Comdty,LMZSDY Comdty,25.0,Base Metal,USD
C K6 Comdty,C 1 Comdty,5000.0,Agriculture,USD
DFK6 Comdty,DF1 Comdty,10.0,Agriculture,USD
CJPH26 Comdty,CJP1 Comdty,1000.0,Energy,USD
LMZSDP 20260701 Comdty,LMZSDY Comdty,25.0,Base Metal,USD
LMCADP 20260701 Comdty,LMCADY Comdty,25.0,Base Metal,USD
LMPBDP 20260505 Comdty,LMPBDY Comdty,25.0,Base Metal,USD
CLK6 Comdty,CL1 Comdty,1000.0,Energy,USD
ZZBH6 Comdty,ZZB1 Comdty,100.0,Chemicals,USD
PFRH6 Comdty,PFR1 Comdty,100.0,Chemicals,USD
SCOH6 Comdty,SCO1 Comdty,100.0,Ferrous,USD
LMZSDP 20260630 Comdty,LMZSDY Comdty,25.0,Base Metal,USD
LMNIDP 20260630 Comdty,LMNIDY Comdty,6.0,Base Metal,USD
XPTUSD 20260722 Curncy,XPTUSD Curncy,1.0,Precious Metal,USD
HCTH6 Index,HCT1 Index,50.0,Equity Index,HKD
HIH6 Index,HI1 Index,50.0,Equity Index,HKD
LMZSDP 20260626 Comdty,LMZSDY Comdty,25.0,Base Metal,USD
LMCADP 20260626 Comdty,LMCADY Comdty,25.0,Base Metal,USD
LMZSDP 20260625 Comdty,LMZSDY Comdty,25.0,Base Metal,USD
LMNIDP 20260625 Comdty,LMNIDY Comdty,6.0,Base Metal,USD
COK6 Comdty,CO1 Comdty,1000.0,Energy,USD
GCJ6C 6600 Comdty,GC1 Comdty,100.0,Precious Metal,USD
GCJ6C 6300 Comdty,GC1 Comdty,100.0,Precious Metal,USD
GCJ6C 5900 Comdty,GC1 Comdty,100.0,Precious Metal,USD
XIDH6 Curncy,XID1 Curncy,2000000.0,Currency,USD
AZBN26 Comdty,AZB1 Comdty,1000.0,Energy,USD
LMZSDP 20260624 Comdty,LMZSDY Comdty,25.0,Base Metal,USD
BBWK26 Comdty,BBW1 Comdty,1000.0,Energy,USD
GCJ6 Comdty,GC1 Comdty,100.0,Precious Metal,USD
NGJ6C 3.5 Comdty,NG1 Comdty,10000.0,Energy,USD
LMNIDP 20260623 Comdty,LMNIDY Comdty,6.0,Base Metal,USD
LMZSDP 20260623 Comdty,LMZSDY Comdty,25.0,Base Metal,USD
LMCADP 20260623 Comdty,LMCADY Comdty,25.0,Base Metal,USD
HWBH6 Index,HWB1 Index,2.0,Equity Index,USD
LMCADP 20260622 Comdty,LMCADY Comdty,25.0,Base Metal,USD
LMZSDP 20260622 Comdty,LMZSDY Comdty,25.0,Base Metal,USD
PLJ6 Comdty,PL1 Comdty,50.0,Precious Metal,USD
NQH6 Index,NQ1 Index,20.0,Equity Index,USD
LMZSDP 20260415 Comdty,LMZSDY Comdty,25.0,Base Metal,USD
LMZSDP 20260618 Comdty,LMZSDY Comdty,25.0,Base Metal,USD
JADJ6C 65.5 Curncy,JAD1 Curncy,12500000.0,Currency,USD
LMZSDP 20260518 Comdty,LMZSDY Comdty,25.0,Base Metal,USD
ESH6 Index,ES1 Index,50.0,Equity Index,USD
LMCADP 20260415 Comdty,LMCADY Comdty,25.0,Base Metal,USD
SWBJ6C 132 Curncy,SWB1 Curncy,125000.0,Currency,USD
HWAH6 Index,HWA1 Index,5.0,Equity Index,USD
GCJ6C 5300 Comdty,GC1 Comdty,100.0,Precious Metal,USD
NGM26 Comdty,NG1 Comdty,10000.0,Energy,USD
LMNIDP 20260318 Comdty,LMNIDY Comdty,6.0,Base Metal,USD
DMH6 Index,DM1 Index,5.0,Equity Index,USD
LMCADP 20260616 Comdty,LMCADY Comdty,25.0,Base Metal,USD
LMCADP 20260318 Comdty,LMCADY Comdty,25.0,Base Metal,USD
LMSNDP 20260520 Comdty,LMSNDY Comdty,5.0,Base Metal,USD
LMSNDP 20260612 Comdty,LMSNDY Comdty,5.0,Base Metal,USD
LMAHDP 20260612 Comdty,LMAHDY Comdty,25.0,Base Metal,USD
LMAHDP 20260520 Comdty,LMAHDY Comdty,25.0,Base Metal,USD
XUCH6 Curncy,XUC1 Curncy,100000.0,Currency,CNH
LMNIDP 20260612 Comdty,LMNIDY Comdty,6.0,Base Metal,USD
LFAM6 Comdty,LFA1 Comdty,1000.0,Base Metal,USD
LFAK6 Comdty,LFA1 Comdty,1000.0,Base Metal,USD
LFAJ6 Comdty,LFA1 Comdty,1000.0,Base Metal,USD
NGJ26 Comdty,NG1 Comdty,10000.0,Energy,USD
LMAHDP 20260318 Comdty,LMAHDY Comdty,25.0,Base Metal,USD
JWLK26 Comdty,JWL1 Comdty,1000.0,Energy,USD
LMNIDP 20260610 Comdty,LMNIDY Comdty,6.0,Base Metal,USD
JWLJ26 Comdty,JWL1 Comdty,1000.0,Energy,USD
LMSNDP 20260318 Comdty,LMSNDY Comdty,5.0,Base Metal,USD
AZBK26 Comdty,AZB1 Comdty,1000.0,Energy,USD
LMCADP 20260609 Comdty,LMCADY Comdty,25.0,Base Metal,USD
LMCADP 20260512 Comdty,LMCADY Comdty,25.0,Base Metal,USD
ECH6 Curncy,EC1 Curncy,125000.0,Currency,USD
COZ6P 40 Comdty,CO1 Comdty,1000.0,Energy,USD
COZ6C 80 Comdty,CO1 Comdty,1000.0,Energy,USD
LMCADP 20260605 Comdty,LMCADY Comdty,25.0,Base Metal,USD
ADH6 Curncy,AD1 Curncy,100000.0,Currency,USD
JYH6 Curncy,JY1 Curncy,12500000.0,Currency,USD
AZBJ26 Comdty,AZB1 Comdty,1000.0,Energy,USD
ZZBZ6 Comdty,ZZB1 Comdty,100.0,Chemicals,USD
ZZBX6 Comdty,ZZB1 Comdty,100.0,Chemicals,USD
DXH6 Curncy,DX1 Curncy,1000.0,Currency,USD
LMCADP 20260604 Comdty,LMCADY Comdty,25.0,Base Metal,USD
LFAG6 Comdty,LFA1 Comdty,1000.0,Base Metal,USD
LMNIDP 20260603 Comdty,LMNIDY Comdty,6.0,Base Metal,USD
LMCADP 20260603 Comdty,LMCADY Comdty,25.0,Base Metal,USD
LMSNDP 20260603 Comdty,LMSNDY Comdty,5.0,Base Metal,USD
LMSNDP 20260420 Comdty,LMSNDY Comdty,5.0,Base Metal,USD
XAGUSD 20260415 Curncy,XAGUSD Curncy,1.0,Precious Metal,USD
AUAH6C 67 Curncy,AUA1 Curncy,100000.0,Currency,USD
LMZSDP 20260602 Comdty,LMZSDY Comdty,25.0,Base Metal,USD
TOEG6 Comdty,TOE1 Comdty,25.0,Base Metal,USD
SCOG6 Comdty,SCO1 Comdty,100.0,Ferrous,USD
NGJ6C 3.1 Comdty,NG1 Comdty,10000.0,Energy,USD
ZZBG6 Comdty,ZZB1 Comdty,100.0,Chemicals,USD
IACG6 Comdty,IAC1 Comdty,100.0,Ferrous,USD
BBWH26 Comdty,BBW1 Comdty,1000.0,Energy,USD
COJ6 Comdty,CO1 Comdty,1000.0,Energy,USD
JWLH26 Comdty,JWL1 Comdty,1000.0,Energy,USD
LMNIDP 20260526 Comdty,LMNIDY Comdty,6.0,Base Metal,USD
LMNIDP 20260511 Comdty,LMNIDY Comdty,6.0,Base Metal,USD
JADJ6C 66 Curncy,JAD1 Curncy,12500000.0,Currency,USD
LMAHDP 20260526 Comdty,LMAHDY Comdty,25.0,Base Metal,USD
LMAHDP 20260428 Comdty,LMAHDY Comdty,25.0,Base Metal,USD
LMAHDP 20260413 Comdty,LMAHDY Comdty,25.0,Base Metal,USD
LMSNDP 20260526 Comdty,LMSNDY Comdty,5.0,Base Metal,USD
LMSNDP 20260415 Comdty,LMSNDY Comdty,5.0,Base Metal,USD
LMSNDP 20260413 Comdty,LMSNDY Comdty,5.0,Base Metal,USD
GCJ6C 5600 Comdty,GC1 Comdty,100.0,Precious Metal,USD
HCTG6 Index,HCT1 Index,50.0,Equity Index,HKD
LMZSDP 20260526 Comdty,LMZSDY Comdty,25.0,Base Metal,USD
HIG6 Index,HI1 Index,50.0,Equity Index,HKD
SWBH6C 131.5 Curncy,SWB1 Curncy,125000.0,Currency,USD
SIH6 Comdty,SI1 Comdty,5000.0,Precious Metal,USD
UXG6 Index,UX1 Index,1000.0,Equity Index,USD
LMZSDP 20260513 Comdty,LMZSDY Comdty,25.0,Base Metal,USD
CTH6 Comdty,CT1 Comdty,50000.0,Agriculture,USD
SIJ6 Comdty,SI1 Comdty,5000.0,Precious Metal,USD
LMZSDP 20260318 Comdty,LMZSDY Comdty,25.0,Base Metal,USD
LMAHDP 20260513 Comdty,LMAHDY Comdty,25.0,Base Metal,USD
LMZSDP 20260512 Comdty,LMZSDY Comdty,25.0,Base Metal,USD
LMNIDP 20260513 Comdty,LMNIDY Comdty,6.0,Base Metal,USD
RSH6 Comdty,RS1 Comdty,20.0,Agriculture,CAD
LMNIDP 20260512 Comdty,LMNIDY Comdty,6.0,Base Metal,USD
HCG6 Index,HC1 Index,50.0,Equity Index,HKD
LMZSDP 20260511 Comdty,LMZSDY Comdty,25.0,Base Metal,USD
XIDG6 Curncy,XID1 Curncy,2000000.0,Currency,USD
RXJ6P 126 Comdty,RX1 Comdty,100000.0,Bond,EUR
LMNIDP 20260508 Comdty,LMNIDY Comdty,6.0,Base Metal,USD
LMZSDP 20260508 Comdty,LMZSDY Comdty,25.0,Base Metal,USD
HGH6 Comdty,HG1 Comdty,25000.0,Base Metal,USD
KCH6 Comdty,KC1 Comdty,37500.0,Agriculture,USD
LMZSDP 20260505 Comdty,LMZSDY Comdty,25.0,Base Metal,USD
HUG6 Index,HU1 Index,10.0,Equity Index,HKD
LMAHDP 20260506 Comdty,LMAHDY Comdty,25.0,Base Metal,USD
AZBH26 Comdty,AZB1 Comdty,1000.0,Energy,USD
BPH6 Curncy,BP1 Curncy,62500.0,Currency,USD
DATK6 Comdty,DAT1 Comdty,1000.0,Energy,USD
LMZSDP 20260430 Comdty,LMZSDY Comdty,25.0,Base Metal,USD
LFAF6 Comdty,LFA1 Comdty,1000.0,Base Metal,USD
LMAHDP 20260415 Comdty,LMAHDY Comdty,25.0,Base Metal,USD
LMZSDP 20260218 Comdty,LMZSDY Comdty,25.0,Base Metal,USD
AUAG6C 67.5 Curncy,AUA1 Curncy,100000.0,Currency,USD
LMNIDP 20260505 Comdty,LMNIDY Comdty,6.0,Base Metal,USD
LMAHDP 20260505 Comdty,LMAHDY Comdty,25.0,Base Metal,USD
LMSNDP 20260505 Comdty,LMSNDY Comdty,5.0,Base Metal,USD
BBWF26 Comdty,BBW1 Comdty,1000.0,Energy,USD
AZBF26 Comdty,AZB1 Comdty,1000.0,Energy,USD
USH6P 115 Comdty,US1 Comdty,100000.0,Bond,USD
LMAHDP 20260501 Comdty,LMAHDY Comdty,25.0,Base Metal,USD
LMAHDP 20260414 Comdty,LMAHDY Comdty,25.0,Base Metal,USD
LMNIDP 20260501 Comdty,LMNIDY Comdty,6.0,Base Metal,USD
LMZSDP 20260501 Comdty,LMZSDY Comdty,25.0,Base Metal,USD
LMSNDP 20260501 Comdty,LMSNDY Comdty,5.0,Base Metal,USD
LMCADP 20260501 Comdty,LMCADY Comdty,25.0,Base Metal,USD
LMCADP 20260423 Comdty,LMCADY Comdty,25.0,Base Metal,USD
PAH6 Comdty,PA1 Comdty,100.0,Precious Metal,USD
TOEF6 Comdty,TOE1 Comdty,25.0,Base Metal,USD
ZZBF6 Comdty,ZZB1 Comdty,100.0,Chemicals,USD
PFRF6 Comdty,PFR1 Comdty,100.0,Chemicals,USD
SCOF6 Comdty,SCO1 Comdty,100.0,Ferrous,USD
USH6 Comdty,US1 Comdty,100000.0,Bond,USD
LMZSDP 20260203 Comdty,LMZSDY Comdty,25.0,Base Metal,USD
LMNIDP 20260430 Comdty,LMNIDY Comdty,6.0,Base Metal,USD
LMSNDP 20260430 Comdty,LMSNDY Comdty,5.0,Base Metal,USD
XUF6 Index,XU1 Index,1.0,Equity Index,USD
LMCADP 20260430 Comdty,LMCADY Comdty,25.0,Base Metal,USD
LMAHDP 20260430 Comdty,LMAHDY Comdty,25.0,Base Metal,USD
S H6 Comdty,S 1 Comdty,5000.0,Agriculture,USD
LMPBDP 20260429 Comdty,LMPBDY Comdty,25.0,Base Metal,USD
LMZSDP 20260429 Comdty,LMZSDY Comdty,25.0,Base Metal,USD
LMNIDP 20260429 Comdty,LMNIDY Comdty,6.0,Base Metal,USD
LMNIDP 20260414 Comdty,LMNIDY Comdty,6.0,Base Metal,USD
LMCADP 20260429 Comdty,LMCADY Comdty,25.0,Base Metal,USD
CJPG26 Comdty,CJP1 Comdty,1000.0,Energy,USD
HCTF6 Index,HCT1 Index,50.0,Equity Index,HKD
LMZSDP 20260427 Comdty,LMZSDY Comdty,25.0,Base Metal,USD
LMZSDP 20260413 Comdty,LMZSDY Comdty,25.0,Base Metal,USD
JADG6P 64 Curncy,JAD1 Curncy,12500000.0,Currency,USD
HCF6 Index,HC1 Index,50.0,Equity Index,HKD
JWLG26 Comdty,JWL1 Comdty,1000.0,Energy,USD
LMAHDP 20260427 Comdty,LMAHDY Comdty,25.0,Base Metal,USD
LMNIDP 20260427 Comdty,LMNIDY Comdty,6.0,Base Metal,USD
LMZSDP 20260421 Comdty,LMZSDY Comdty,25.0,Base Metal,USD
GCG6C 5300 Comdty,GC1 Comdty,100.0,Precious Metal,USD
LFAU6 Comdty,LFA1 Comdty,1000.0,Base Metal,USD
LFAQ6 Comdty,LFA1 Comdty,1000.0,Base Metal,USD
LFAN6 Comdty,LFA1 Comdty,1000.0,Base Metal,USD
HUF6 Index,HU1 Index,10.0,Equity Index,HKD
GCG6C 5200 Comdty,GC1 Comdty,100.0,Precious Metal,USD
LMNIDP 20260423 Comdty,LMNIDY Comdty,6.0,Base Metal,USD
LMZSDP 20260423 Comdty,LMZSDY Comdty,25.0,Base Metal,USD
LMNIDP 20260324 Comdty,LMNIDY Comdty,6.0,Base Metal,USD
LMZSDP 20260416 Comdty,LMZSDY Comdty,25.0,Base Metal,USD
CQDJ26 Comdty,CQD1 Comdty,1000.0,Energy,USD
HOK6 Comdty,HO1 Comdty,42000.0,Energy,USD
HOH6 Comdty,HO1 Comdty,42000.0,Energy,USD
LMCADP 20260422 Comdty,LMCADY Comdty,25.0,Base Metal,USD
LMPBDP 20260422 Comdty,LMPBDY Comdty,25.0,Base Metal,USD
LMZSDP 20260422 Comdty,LMZSDY Comdty,25.0,Base Metal,USD
BGAG6P 133.5 Curncy,BGA1 Curncy,62500.0,Currency,USD
LMNIDP 20260422 Comdty,LMNIDY Comdty,6.0,Base Metal,USD
GCG6C 4825 Comdty,GC1 Comdty,100.0,Precious Metal,USD
GCG6C 4800 Comdty,GC1 Comdty,100.0,Precious Metal,USD
BBWJ26 Comdty,BBW1 Comdty,1000.0,Energy,USD
LMCADP 20260421 Comdty,LMCADY Comdty,25.0,Base Metal,USD
LMAHDP 20260421 Comdty,LMAHDY Comdty,25.0,Base Metal,USD
LMNIDP 20260421 Comdty,LMNIDY Comdty,6.0,Base Metal,USD
HOG6 Comdty,HO1 Comdty,42000.0,Energy,USD
CDH6 Curncy,CD1 Curncy,100000.0,Currency,USD
NGH6C 2.8 Comdty,NG1 Comdty,10000.0,Energy,USD
LMPBDP 20260416 Comdty,LMPBDY Comdty,25.0,Base Metal,USD
LMCADP 20260420 Comdty,LMCADY Comdty,25.0,Base Metal,USD
LMAHDP 20260420 Comdty,LMAHDY Comdty,25.0,Base Metal,USD
LMPBDP 20260420 Comdty,LMPBDY Comdty,25.0,Base Metal,USD
LMZSDP 20260420 Comdty,LMZSDY Comdty,25.0,Base Metal,USD
LMPBDP 20260127 Comdty,LMPBDY Comdty,25.0,Base Metal,USD
AULK26 Comdty,AUL1 Comdty,1000.0,Energy,USD
LMPBDP 20260316 Comdty,LMPBDY Comdty,25.0,Base Metal,USD
GCG6 Comdty,GC1 Comdty,100.0,Precious Metal,USD
LMNIDP 20260218 Comdty,LMNIDY Comdty,6.0,Base Metal,USD
LMNIDP 20260420 Comdty,LMNIDY Comdty,6.0,Base Metal,USD
AZBG26 Comdty,AZB1 Comdty,1000.0,Energy,USD
GCG6C 4750 Comdty,GC1 Comdty,100.0,Precious Metal,USD
LMAHDP 20260416 Comdty,LMAHDY Comdty,25.0,Base Metal,USD
LMNIDP 20260416 Comdty,LMNIDY Comdty,6.0,Base Metal,USD
LMNIDP 20260121 Comdty,LMNIDY Comdty,6.0,Base Metal,USD
LMZSDP 20260121 Comdty,LMZSDY Comdty,25.0,Base Metal,USD
LHJ6 Comdty,LH1 Comdty,40000.0,Agriculture,USD
LHG6 Comdty,LH1 Comdty,40000.0,Agriculture,USD
LMCADP 20260416 Comdty,LMCADY Comdty,25.0,Base Metal,USD
BOH6 Comdty,BO1 Comdty,60000.0,Agriculture,USD
KOH6 Comdty,KO1 Comdty,25.0,Agriculture,MYR
LMAHDP 20260218 Comdty,LMAHDY Comdty,25.0,Base Metal,USD
LMSNDP 20260414 Comdty,LMSNDY Comdty,5.0,Base Metal,USD
LMZSDP 20260414 Comdty,LMZSDY Comdty,25.0,Base Metal,USD
LMZSDP 20260217 Comdty,LMZSDY Comdty,25.0,Base Metal,USD
LMZSDP 20260408 Comdty,LMZSDY Comdty,25.0,Base Metal,USD
CLG6 Comdty,CL1 Comdty,1000.0,Energy,USD
LMNIDP 20260413 Comdty,LMNIDY Comdty,6.0,Base Metal,USD
HIF6 Index,HI1 Index,50.0,Equity Index,HKD
XPTUSD 20260114 Curncy,XPTUSD Curncy,1.0,Precious Metal,USD
COH6 Comdty,CO1 Comdty,1000.0,Energy,USD
CLH6 Comdty,CL1 Comdty,1000.0,Energy,USD
PFRG6 Comdty,PFR1 Comdty,100.0,Chemicals,USD
LMAHDP 20260409 Comdty,LMAHDY Comdty,25.0,Base Metal,USD
LMNIDP 20260409 Comdty,LMNIDY Comdty,6.0,Base Metal,USD
ORJ6 Comdty,OR1 Comdty,5.0,Chemicals,USD
BBWG26 Comdty,BBW1 Comdty,1000.0,Energy,USD
LMAHDP 20260408 Comdty,LMAHDY Comdty,25.0,Base Metal,USD
LMNIDP 20260408 Comdty,LMNIDY Comdty,6.0,Base Metal,USD
LMZSDP 20260407 Comdty,LMZSDY Comdty,25.0,Base Metal,USD
LMCADP 20260408 Comdty,LMCADY Comdty,25.0,Base Metal,USD
LMPBDP 20260408 Comdty,LMPBDY Comdty,25.0,Base Metal,USD
LMPBDP 20260407 Comdty,LMPBDY Comdty,25.0,Base Metal,USD
LMNIDP 20260402 Comdty,LMNIDY Comdty,6.0,Base Metal,USD
LMAHDP 20260407 Comdty,LMAHDY Comdty,25.0,Base Metal,USD
LMNIDP 20260407 Comdty,LMNIDY Comdty,6.0,Base Metal,USD
LMCADP 20260407 Comdty,LMCADY Comdty,25.0,Base Metal,USD
AZBZ25 Comdty,AZB1 Comdty,1000.0,Energy,USD
UEAG6C 1.185 Curncy,UEA1 Curncy,125000.0,Currency,USD
MFSZ5 Comdty,MFS1 Comdty,100.0,Ferrous,USD
SCOZ5 Comdty,SCO1 Comdty,100.0,Ferrous,USD
ZZBZ5 Comdty,ZZB1 Comdty,100.0,Chemicals,USD
TOEZ5 Comdty,TOE1 Comdty,25.0,Base Metal,USD
LMNIDP 20260331 Comdty,LMNIDY Comdty,6.0,Base Metal,USD
LMAHDP 20260331 Comdty,LMAHDY Comdty,25.0,Base Metal,USD
LMZSDP 20260331 Comdty,LMZSDY Comdty,25.0,Base Metal,USD
UEAF6C 1.17 Curncy,UEA1 Curncy,125000.0,Currency,USD
LMZSDP 20260324 Comdty,LMZSDY Comdty,25.0,Base Metal,USD
LMZSDP 20260330 Comdty,LMZSDY Comdty,25.0,Base Metal,USD
LMNIDP 20260330 Comdty,LMNIDY Comdty,6.0,Base Metal,USD
LMAHDP 20260330 Comdty,LMAHDY Comdty,25.0,Base Metal,USD
LMCADP 20260330 Comdty,LMCADY Comdty,25.0,Base Metal,USD
HIZ5 Index,HI1 Index,50.0,Equity Index,HKD
HCTZ5 Index,HCT1 Index,50.0,Equity Index,HKD
LMZSDP 20260323 Comdty,LMZSDY Comdty,25.0,Base Metal,USD
BGAG6P 132.5 Curncy,BGA1 Curncy,62500.0,Currency,USD
XUZ5 Index,XU1 Index,1.0,Equity Index,USD
LMAHDP 20260324 Comdty,LMAHDY Comdty,25.0,Base Metal,USD
PLF6 Comdty,PL1 Comdty,50.0,Precious Metal,USD
LMCADP 20260324 Comdty,LMCADY Comdty,25.0,Base Metal,USD
LMNIDP 20260323 Comdty,LMNIDY Comdty,6.0,Base Metal,USD
LMNIDP 20260317 Comdty,LMNIDY Comdty,6.0,Base Metal,USD
HCZ5 Index,HC1 Index,50.0,Equity Index,HKD
JADF6P 64 Curncy,JAD1 Curncy,12500000.0,Currency,USD
LMZSDP 20260319 Comdty,LMZSDY Comdty,25.0,Base Metal,USD
ERM6C 98.0625 Comdty,ER1 Comdty,1000000.0,Interest Rate,EUR
HWBZ5 Index,HWB1 Index,2.0,Equity Index,USD
AULF26 Comdty,AUL1 Comdty,1000.0,Energy,USD
UXZ5 Index,UX1 Index,1000.0,Equity Index,USD
LMZSDP 20260317 Comdty,LMZSDY Comdty,25.0,Base Metal,USD
COG6 Comdty,CO1 Comdty,1000.0,Energy,USD
LMZSDP 20260309 Comdty,LMZSDY Comdty,25.0,Base Metal,USD
LMZSDP 20260316 Comdty,LMZSDY Comdty,25.0,Base Metal,USD
LMNIDP 20260316 Comdty,LMNIDY Comdty,6.0,Base Metal,USD
JWLF26 Comdty,JWL1 Comdty,1000.0,Energy,USD
ESZ5 Index,ES1 Index,50.0,Equity Index,USD
NQZ5 Index,NQ1 Index,20.0,Equity Index,USD
DMZ5 Index,DM1 Index,5.0,Equity Index,USD
LMCADP 20260316 Comdty,LMCADY Comdty,25.0,Base Metal,USD
LMZSDP 20251217 Comdty,LMZSDY Comdty,25.0,Base Metal,USD
LMZSDP 20260312 Comdty,LMZSDY Comdty,25.0,Base Metal,USD
LMNIDP 20251217 Comdty,LMNIDY Comdty,6.0,Base Metal,USD
LMZSDP 20260311 Comdty,LMZSDY Comdty,25.0,Base Metal,USD
UXF6 Index,UX1 Index,1000.0,Equity Index,USD
ECZ5 Curncy,EC1 Curncy,125000.0,Currency,USD
LMZSDP 20260310 Comdty,LMZSDY Comdty,25.0,Base Metal,USD
LMAHDP 20260310 Comdty,LMAHDY Comdty,25.0,Base Metal,USD
LMAHDP 20260303 Comdty,LMAHDY Comdty,25.0,Base Metal,USD
DXZ5 Curncy,DX1 Curncy,1000.0,Currency,USD
XUCZ5 Curncy,XUC1 Curncy,100000.0,Currency,CNH
LMAHDP 20260305 Comdty,LMAHDY Comdty,25.0,Base Metal,USD
LMCADP 20260305 Comdty,LMCADY Comdty,25.0,Base Metal,USD
LMCADP 20260303 Comdty,LMCADY Comdty,25.0,Base Metal,USD
LMZSDP 20260123 Comdty,LMZSDY Comdty,25.0,Base Metal,USD
LMZSDP 20260305 Comdty,LMZSDY Comdty,25.0,Base Metal,USD
LMCADP 20251217 Comdty,LMCADY Comdty,25.0,Base Metal,USD
UEAZ5C 1.16 Curncy,UEA1 Curncy,125000.0,Currency,USD
LMZSDP 20260304 Comdty,LMZSDY Comdty,25.0,Base Metal,USD
LMZSDP 20260303 Comdty,LMZSDY Comdty,25.0,Base Metal,USD
LMZSDP 20260302 Comdty,LMZSDY Comdty,25.0,Base Metal,USD
LMNIDP 20260302 Comdty,LMNIDY Comdty,6.0,Base Metal,USD
LFAX5 Comdty,LFA1 Comdty,1000.0,Base Metal,USD
LMZSDP 20260105 Comdty,LMZSDY Comdty,25.0,Base Metal,USD
CQDZ25 Comdty,CQD1 Comdty,1000.0,Energy,USD
CJPX25 Comdty,CJP1 Comdty,1000.0,Energy,USD
CAH6 Comdty,CA1 Comdty,50.0,Agriculture,EUR
PFRX5 Comdty,PFR1 Comdty,100.0,Chemicals,USD
SCOX5 Comdty,SCO1 Comdty,100.0,Ferrous,USD
ZZBX5 Comdty,ZZB1 Comdty,100.0,Chemicals,USD
MFSX5 Comdty,MFS1 Comdty,100.0,Ferrous,USD
LMZSDP 20260227 Comdty,LMZSDY Comdty,25.0,Base Metal,USD
XUX5 Index,XU1 Index,1.0,Equity Index,USD
LMZSDP 20260120 Comdty,LMZSDY Comdty,25.0,Base Metal,USD
LMZSDP 20260114 Comdty,LMZSDY Comdty,25.0,Base Metal,USD
LMZSDP 20260112 Comdty,LMZSDY Comdty,25.0,Base Metal,USD
LMZSDP 20260109 Comdty,LMZSDY Comdty,25.0,Base Metal,USD
LMZSDP 20260102 Comdty,LMZSDY Comdty,25.0,Base Metal,USD
SIZ5 Comdty,SI1 Comdty,5000.0,Precious Metal,USD
HCTX5 Index,HCT1 Index,50.0,Equity Index,HKD
LMPBDP 20260225 Comdty,LMPBDY Comdty,25.0,Base Metal,USD
LMPBDP 20260123 Comdty,LMPBDY Comdty,25.0,Base Metal,USD
LMZSDP 20260224 Comdty,LMZSDY Comdty,25.0,Base Metal,USD
LMZSDP 20251218 Comdty,LMZSDY Comdty,25.0,Base Metal,USD
JYZ5 Curncy,JY1 Curncy,12500000.0,Currency,USD
BOZ5 Comdty,BO1 Comdty,60000.0,Agriculture,USD
KOZ5 Comdty,KO1 Comdty,25.0,Agriculture,MYR
PAZ5 Comdty,PA1 Comdty,100.0,Precious Metal,USD
LMZSDP 20260219 Comdty,LMZSDY Comdty,25.0,Base Metal,USD
COF6 Comdty,CO1 Comdty,1000.0,Energy,USD
GCZ5 Comdty,GC1 Comdty,100.0,Precious Metal,USD
LMPBDP 20260218 Comdty,LMPBDY Comdty,25.0,Base Metal,USD
LMPBDP 20251211 Comdty,LMPBDY Comdty,25.0,Base Metal,USD
LMZSDP 20260210 Comdty,LMZSDY Comdty,25.0,Base Metal,USD
MCYX5 Index,MCY1 Index,25.0,Equity Index,USD
KCZ5 Comdty,KC1 Comdty,37500.0,Agriculture,USD
LMZSDP 20260213 Comdty,LMZSDY Comdty,25.0,Base Metal,USD
LMAHDP 20260213 Comdty,LMAHDY Comdty,25.0,Base Metal,USD
LMAHDP 20260123 Comdty,LMAHDY Comdty,25.0,Base Metal,USD
JWLM26 Comdty,JWL1 Comdty,1000.0,Energy,USD
JWLZ25 Comdty,JWL1 Comdty,1000.0,Energy,USD
HCX5 Index,HC1 Index,50.0,Equity Index,HKD
BBWZ25 Comdty,BBW1 Comdty,1000.0,Energy,USD
LMZSDP 20260212 Comdty,LMZSDY Comdty,25.0,Base Metal,USD
LMNIDP 20251119 Comdty,LMNIDY Comdty,6.0,Base Metal,USD
LMZSDP 20251215 Comdty,LMZSDY Comdty,25.0,Base Metal,USD
CQDF26 Comdty,CQD1 Comdty,1000.0,Energy,USD
HIX5 Index,HI1 Index,50.0,Equity Index,HKD
LMAHDP 20260206 Comdty,LMAHDY Comdty,25.0,Base Metal,USD
LMAHDP 20251217 Comdty,LMAHDY Comdty,25.0,Base Metal,USD
SFZ5 Curncy,SF1 Curncy,125000.0,Currency,USD
LMZSDP 20251230 Comdty,LMZSDY Comdty,25.0,Base Metal,USD
LMAHDP 20260205 Comdty,LMAHDY Comdty,25.0,Base Metal,USD
LFAV5 Comdty,LFA1 Comdty,1000.0,Base Metal,USD
LMZSDP 20260204 Comdty,LMZSDY Comdty,25.0,Base Metal,USD
CJPV25 Comdty,CJP1 Comdty,1000.0,Energy,USD
LMAHDP 20260203 Comdty,LMAHDY Comdty,25.0,Base Metal,USD
LMCADP 20260121 Comdty,LMCADY Comdty,25.0,Base Metal,USD
SMF6 Comdty,SM1 Comdty,100.0,Agriculture,USD
LMZSDP 20260130 Comdty,LMZSDY Comdty,25.0,Base Metal,USD
SCOV5 Comdty,SCO1 Comdty,100.0,Ferrous,USD
HCV5 Index,HC1 Index,50.0,Equity Index,HKD
HGZ5 Comdty,HG1 Comdty,25000.0,Base Metal,USD
JWLX25 Comdty,JWL1 Comdty,1000.0,Energy,USD
LMAHDP 20260130 Comdty,LMAHDY Comdty,25.0,Base Metal,USD
HCTV5 Index,HCT1 Index,50.0,Equity Index,HKD
FCF6 Comdty,FC1 Comdty,50000.0,Agriculture,USD
CAZ5 Comdty,CA1 Comdty,50.0,Agriculture,EUR
SMZ5 Comdty,SM1 Comdty,100.0,Agriculture,USD
LMZSDP 20251212 Comdty,LMZSDY Comdty,25.0,Base Metal,USD
HIV5 Index,HI1 Index,50.0,Equity Index,HKD
LMZSDP 20260127 Comdty,LMZSDY Comdty,25.0,Base Metal,USD
BBWX25 Comdty,BBW1 Comdty,1000.0,Energy,USD
ADZ5 Curncy,AD1 Curncy,100000.0,Currency,USD
LMZSDP 20260122 Comdty,LMZSDY Comdty,25.0,Base Metal,USD
LMZSDP 20251222 Comdty,LMZSDY Comdty,25.0,Base Metal,USD
UXV5 Index,UX1 Index,1000.0,Equity Index,USD
LMZSDP 20251119 Comdty,LMZSDY Comdty,25.0,Base Metal,USD
NGF26 Comdty,NG1 Comdty,10000.0,Energy,USD
XUV5 Index,XU1 Index,1.0,Equity Index,USD
LMAHDP 20260121 Comdty,LMAHDY Comdty,25.0,Base Metal,USD
LMAHDP 20260109 Comdty,LMAHDY Comdty,25.0,Base Metal,USD
LMAHDP 20251216 Comdty,LMAHDY Comdty,25.0,Base Metal,USD
NXZ5 Index,NX1 Index,5.0,Equity Index,USD
CQDX25 Comdty,CQD1 Comdty,1000.0,Energy,USD
S X5 Comdty,S 1 Comdty,5000.0,Agriculture,USD
LMZSDP 20260115 Comdty,LMZSDY Comdty,25.0,Base Metal,USD
ZZBV5 Comdty,ZZB1 Comdty,100.0,Chemicals,USD
LMCADP 20260114 Comdty,LMCADY Comdty,25.0,Base Metal,USD
LMZSDP 20260107 Comdty,LMZSDY Comdty,25.0,Base Metal,USD
LMNIDP 20251015 Comdty,LMNIDY Comdty,6.0,Base Metal,USD
LMZSDP 20260106 Comdty,LMZSDY Comdty,25.0,Base Metal,USD
LMNIDP 20260109 Comdty,LMNIDY Comdty,6.0,Base Metal,USD
LMNIDP 20260102 Comdty,LMNIDY Comdty,6.0,Base Metal,USD
LMZSDP 20260108 Comdty,LMZSDY Comdty,25.0,Base Metal,USD
LFAU5 Comdty,LFA1 Comdty,1000.0,Base Metal,USD
CJPU25 Comdty,CJP1 Comdty,1000.0,Energy,USD
CQDV25 Comdty,CQD1 Comdty,1000.0,Energy,USD
CCZ5 Comdty,CC1 Comdty,10.0,Agriculture,USD
ZZBU5 Comdty,ZZB1 Comdty,100.0,Chemicals,USD
PFRU5 Comdty,PFR1 Comdty,100.0,Chemicals,USD
MFSU5 Comdty,MFS1 Comdty,100.0,Ferrous,USD
SCOU5 Comdty,SCO1 Comdty,100.0,Ferrous,USD
PFRV5 Comdty,PFR1 Comdty,100.0,Chemicals,USD
HCTU5 Index,HCT1 Index,800.0,Equity Index,USD
LMZSDP 20251229 Comdty,LMZSDY Comdty,25.0,Base Metal,USD
LMZSDP 20251208 Comdty,LMZSDY Comdty,25.0,Base Metal,USD
LMZSDP 20251205 Comdty,LMZSDY Comdty,25.0,Base Metal,USD
LMCADP 20251229 Comdty,LMCADY Comdty,25.0,Base Metal,USD
XUU5 Index,XU1 Index,1.0,Equity Index,USD
LMZSDP 20251203 Comdty,LMZSDY Comdty,25.0,Base Metal,USD
LMZSDP 20251201 Comdty,LMZSDY Comdty,25.0,Base Metal,USD
LMCADP 20251224 Comdty,LMCADY Comdty,25.0,Base Metal,USD
LMZSDP 20251224 Comdty,LMZSDY Comdty,25.0,Base Metal,USD
LMZSDP 20251223 Comdty,LMZSDY Comdty,25.0,Base Metal,USD
HCU5 Index,HC1 Index,50.0,Equity Index,HKD
LMCADP 20251223 Comdty,LMCADY Comdty,25.0,Base Metal,USD
MFSV5 Comdty,MFS1 Comdty,100.0,Ferrous,USD
PLV5 Comdty,PL1 Comdty,50.0,Precious Metal,USD
XAGUSD 20251027 Curncy,XAGUSD Curncy,1.0,Precious Metal,USD
QSV5 Comdty,QS1 Comdty,100.0,Energy,USD
LMZSDP 20251219 Comdty,LMZSDY Comdty,25.0,Base Metal,USD
HWBU5 Index,HWB1 Index,2.0,Equity Index,USD
LMZSDP 20251202 Comdty,LMZSDY Comdty,25.0,Base Metal,USD
UXU5 Index,UX1 Index,1000.0,Equity Index,USD
LMZSDP 20251216 Comdty,LMZSDY Comdty,25.0,Base Metal,USD
ESU5 Index,ES1 Index,50.0,Equity Index,USD
NQU5 Index,NQ1 Index,20.0,Equity Index,USD
DMU5 Index,DM1 Index,840.0,Equity Index,USD
LMCADP 20251212 Comdty,LMCADY Comdty,25.0,Base Metal,USD
LMZSDP 20250917 Comdty,LMZSDY Comdty,25.0,Base Metal,USD
LMCADP 20251015 Comdty,LMCADY Comdty,25.0,Base Metal,USD
LMCADP 20250917 Comdty,LMCADY Comdty,25.0,Base Metal,USD
BPZ5 Curncy,BP1 Curncy,62500.0,Currency,USD
CDZ5 Curncy,CD1 Curncy,100000.0,Currency,USD
XUCU5 Curncy,XUC1 Curncy,100000.0,Currency,CNH
LMCADP 20251211 Comdty,LMCADY Comdty,25.0,Base Metal,USD
COZ5 Comdty,CO1 Comdty,1000.0,Energy,USD
HIU5 Index,HI1 Index,50.0,Equity Index,HKD
ECU5 Curncy,EC1 Curncy,125000.0,Currency,USD
JYU5 Curncy,JY1 Curncy,12500000.0,Currency,USD
LMCADP 20251208 Comdty,LMCADY Comdty,25.0,Base Metal,USD
SBV5 Comdty,SB1 Comdty,5000.0,Agriculture,USD
COX5 Comdty,CO1 Comdty,1000.0,Energy,SEK
W Z5 Comdty,W 1 Comdty,5000.0,Agriculture,USD
LMCADP 20251203 Comdty,LMCADY Comdty,25.0,Base Metal,USD
LMNIDP 20251202 Comdty,LMNIDY Comdty,6.0,Base Metal,USD
QSU5 Comdty,QS1 Comdty,100.0,Energy,USD
BBWV25 Comdty,BBW1 Comdty,1000.0,Energy,USD
LMCADP 20251202 Comdty,LMCADY Comdty,25.0,Base Metal,USD
CQDU25 Comdty,CQD1 Comdty,1000.0,Energy,USD
LMCADP 20251201 Comdty,LMCADY Comdty,25.0,Base Metal,USD
LMNIDP 20251201 Comdty,LMNIDY Comdty,6.0,Base Metal,USD
SCOQ5 Comdty,SCO1 Comdty,100.0,Ferrous,USD
MFSQ5 Comdty,MFS1 Comdty,100.0,Ferrous,USD
LMZSDP 20251015 Comdty,LMZSDY Comdty,25.0,Base Metal,USD
LMCADP 20251128 Comdty,LMCADY Comdty,25.0,Base Metal,USD
LMPBDP 20251010 Comdty,LMPBDY Comdty,25.0,Base Metal,USD
LMPBDP 20251008 Comdty,LMPBDY Comdty,25.0,Base Metal,USD
HCTQ5 Index,HCT1 Index,800.0,Equity Index,USD
AULU25 Comdty,AUL1 Comdty,1000.0,Energy,USD
LMPBDP 20251128 Comdty,LMPBDY Comdty,25.0,Base Metal,USD
HUU5 Index,HU1 Index,10.0,Equity Index,HKD
HIQ5 Index,HI1 Index,50.0,Equity Index,HKD
LMNIDP 20251126 Comdty,LMNIDY Comdty,6.0,Base Metal,USD
LMNIDP 20250917 Comdty,LMNIDY Comdty,6.0,Base Metal,USD
LMZSDP 20251114 Comdty,LMZSDY Comdty,25.0,Base Metal,USD
LMZSDP 20251126 Comdty,LMZSDY Comdty,25.0,Base Metal,USD
LMZSDP 20251121 Comdty,LMZSDY Comdty,25.0,Base Metal,USD
LMZSDP 20251023 Comdty,LMZSDY Comdty,25.0,Base Metal,USD
LMZSDP 20251017 Comdty,LMZSDY Comdty,25.0,Base Metal,USD
C Z5 Comdty,C 1 Comdty,5000.0,Agriculture,USD
HCQ5 Index,HC1 Index,50.0,Equity Index,HKD
LMZSDP 20251113 Comdty,LMZSDY Comdty,25.0,Base Metal,USD
LMZSDP 20251112 Comdty,LMZSDY Comdty,25.0,Base Metal,USD
LMNIDP 20251121 Comdty,LMNIDY Comdty,6.0,Base Metal,USD
BBWU25 Comdty,BBW1 Comdty,1000.0,Energy,USD
SIU5 Comdty,SI1 Comdty,5000.0,Precious Metal,USD
KOU5 Comdty,KO1 Comdty,25.0,Agriculture,MYR
LMNIDP 20251120 Comdty,LMNIDY Comdty,6.0,Base Metal,USD
LMCADP 20251114 Comdty,LMCADY Comdty,25.0,Base Metal,USD
UXQ5 Index,UX1 Index,1000.0,Equity Index,USD
LMCADP 20251120 Comdty,LMCADY Comdty,25.0,Base Metal,USD
CCU5 Comdty,CC1 Comdty,10.0,Agriculture,USD
LMNIDP 20251118 Comdty,LMNIDY Comdty,6.0,Base Metal,USD
LMZSDP 20250820 Comdty,LMZSDY Comdty,25.0,Base Metal,USD
LMNIDP 20251114 Comdty,LMNIDY Comdty,6.0,Base Metal,USD
AULV25 Comdty,AUL1 Comdty,1000.0,Energy,USD
LMNIDP 20251112 Comdty,LMNIDY Comdty,6.0,Base Metal,USD
BPU5 Curncy,BP1 Curncy,62500.0,Currency,USD
LMPBDP 20251107 Comdty,LMPBDY Comdty,25.0,Base Metal,USD
LMPBDP 20251105 Comdty,LMPBDY Comdty,25.0,Base Metal,USD
DXU5 Curncy,DX1 Curncy,1000.0,Currency,USD
LMZSDP 20251107 Comdty,LMZSDY Comdty,25.0,Base Metal,USD
LMNIDP 20251107 Comdty,LMNIDY Comdty,6.0,Base Metal,USD
LMZSDP 20251106 Comdty,LMZSDY Comdty,25.0,Base Metal,USD
LMZSDP 20250812 Comdty,LMZSDY Comdty,25.0,Base Metal,USD
LMNIDP 20251106 Comdty,LMNIDY Comdty,6.0,Base Metal,USD
LMCADP 20251105 Comdty,LMCADY Comdty,25.0,Base Metal,USD
LMNIDP 20251105 Comdty,LMNIDY Comdty,6.0,Base Metal,USD
W U5 Comdty,W 1 Comdty,5000.0,Agriculture,USD
CQDQ25 Comdty,CQD1 Comdty,1000.0,Energy,USD
XUQ5 Index,XU1 Index,1.0,Equity Index,USD
GCV5 Comdty,GC1 Comdty,100.0,Precious Metal,USD
CLU5 Comdty,CL1 Comdty,1000.0,Energy,USD
CJPN25 Comdty,CJP1 Comdty,1000.0,Energy,USD
SCON5 Comdty,SCO1 Comdty,100.0,Ferrous,USD
LMZSDP 20251031 Comdty,LMZSDY Comdty,25.0,Base Metal,USD
LMZSDP 20250905 Comdty,LMZSDY Comdty,25.0,Base Metal,USD
ZZBQ5 Comdty,ZZB1 Comdty,100.0,Chemicals,USD
HGU5 Comdty,HG1 Comdty,25000.0,Base Metal,USD
LMCADP 20251030 Comdty,LMCADY Comdty,25.0,Base Metal,USD
LMZSDP 20251029 Comdty,LMZSDY Comdty,25.0,Base Metal,USD
LMZSDP 20251022 Comdty,LMZSDY Comdty,25.0,Base Metal,USD
HIN5 Index,HI1 Index,50.0,Equity Index,HKD
XUN5 Index,XU1 Index,1.0,Equity Index,USD
HCTN5 Index,HCT1 Index,800.0,Equity Index,USD
CJPQ25 Comdty,CJP1 Comdty,1000.0,Energy,USD
BGLV25 Comdty,BGL1 Comdty,10000.0,Energy,USD
COU5 Comdty,CO1 Comdty,1000.0,Energy,USD
HCN5 Index,HC1 Index,50.0,Equity Index,HKD
LMZSDP 20251024 Comdty,LMZSDY Comdty,25.0,Base Metal,USD
CDU5 Curncy,CD1 Curncy,100000.0,Currency,USD
MFSN5 Comdty,MFS1 Comdty,100.0,Ferrous,USD
AULQ25 Comdty,AUL1 Comdty,1000.0,Energy,USD
BBWQ25 Comdty,BBW1 Comdty,1000.0,Energy,USD
XAGUSD 20250818 Curncy,XAGUSD Curncy,1.0,Precious Metal,USD
XAGUSD 20250826 Curncy,XAGUSD Curncy,1.0,Precious Metal,USD
XAGUSD 20250815 Curncy,XAGUSD Curncy,1.0,Precious Metal,USD
GCQ5 Comdty,GC1 Comdty,100.0,Precious Metal,USD
LMNIDP 20251017 Comdty,LMNIDY Comdty,6.0,Base Metal,USD
LMZSDP 20250930 Comdty,LMZSDY Comdty,25.0,Base Metal,USD
LMPBDP 20251017 Comdty,LMPBDY Comdty,25.0,Base Metal,USD
UXN5 Index,UX1 Index,1000.0,Equity Index,USD
LMZSDP 20251016 Comdty,LMZSDY Comdty,25.0,Base Metal,USD
NGX25 Comdty,NG1 Comdty,10000.0,Energy,USD
RTYU5 Index,RTY1 Index,50.0,Equity Index,USD
BGLU25 Comdty,BGL1 Comdty,10000.0,Energy,USD
BGLQ25 Comdty,BGL1 Comdty,10000.0,Energy,USD
LMZSDP 20250923 Comdty,LMZSDY Comdty,25.0,Base Metal,USD
LMZSDP 20251014 Comdty,LMZSDY Comdty,25.0,Base Metal,USD
LMZSDP 20250909 Comdty,LMZSDY Comdty,25.0,Base Metal,USD
LMZSDP 20250819 Comdty,LMZSDY Comdty,25.0,Base Metal,USD
LMZSDP 20250716 Comdty,LMZSDY Comdty,25.0,Base Metal,USD
LMZSDP 20251010 Comdty,LMZSDY Comdty,25.0,Base Metal,USD
LMCADP 20251010 Comdty,LMCADY Comdty,25.0,Base Metal,USD
LMCADP 20250820 Comdty,LMCADY Comdty,25.0,Base Metal,USD
LMZSDP 20250919 Comdty,LMZSDY Comdty,25.0,Base Metal,USD
RSF6 Comdty,RS1 Comdty,20.0,Agriculture,CAD
LMCADP 20250716 Comdty,LMCADY Comdty,25.0,Base Metal,USD
LMZSDP 20251009 Comdty,LMZSDY Comdty,25.0,Base Metal,USD
LMZSDP 20251008 Comdty,LMZSDY Comdty,25.0,Base Metal,USD
LMCADP 20251008 Comdty,LMCADY Comdty,25.0,Base Metal,USD
CAU5 Comdty,CA1 Comdty,50.0,Agriculture,EUR
LMNIDP 20251007 Comdty,LMNIDY Comdty,6.0,Base Metal,USD
LMZSDP 20251007 Comdty,LMZSDY Comdty,25.0,Base Metal,USD
LMZSDP 20250807 Comdty,LMZSDY Comdty,25.0,Base Metal,USD
LMZSDP 20250806 Comdty,LMZSDY Comdty,25.0,Base Metal,USD
LMZSDP 20251003 Comdty,LMZSDY Comdty,25.0,Base Metal,USD
LMNIDP 20251003 Comdty,LMNIDY Comdty,6.0,Base Metal,USD
LMNIDP 20250813 Comdty,LMNIDY Comdty,6.0,Base Metal,USD
SFU5 Curncy,SF1 Curncy,125000.0,Currency,USD
DFU5 Comdty,DF1 Comdty,10.0,Agriculture,USD
KCU5 Comdty,KC1 Comdty,37500.0,Agriculture,USD
LMZSDP 20251002 Comdty,LMZSDY Comdty,25.0,Base Metal,USD
LMNIDP 20250716 Comdty,LMNIDY Comdty,6.0,Base Metal,USD
CJPM25 Comdty,CJP1 Comdty,1000.0,Energy,USD
LMAHDP 20251001 Comdty,LMAHDY Comdty,25.0,Base Metal,USD
LMAHDP 20250917 Comdty,LMAHDY Comdty,25.0,Base Metal,USD
LMZSDP 20251001 Comdty,LMZSDY Comdty,25.0,Base Metal,USD
JWLQ25 Comdty,JWL1 Comdty,1000.0,Energy,USD
LMPBDP 20251001 Comdty,LMPBDY Comdty,25.0,Base Metal,USD
LMPBDP 20250829 Comdty,LMPBDY Comdty,25.0,Base Metal,USD
LMZSDP 20250821 Comdty,LMZSDY Comdty,25.0,Base Metal,USD
LMZSDP 20250815 Comdty,LMZSDY Comdty,25.0,Base Metal,USD
LMZSDP 20250723 Comdty,LMZSDY Comdty,25.0,Base Metal,USD
SCOM5 Comdty,SCO1 Comdty,100.0,Ferrous,USD
SCOM5P 90 Comdty,SCO1 Comdty,100.0,Ferrous,USD
SCOM5P 95 Comdty,SCO1 Comdty,100.0,Ferrous,USD
ZZBM5 Comdty,ZZB1 Comdty,100.0,Chemicals,USD
MFSM5 Comdty,MFS1 Comdty,100.0,Ferrous,USD
LMAHDP 20250930 Comdty,LMAHDY Comdty,25.0,Base Metal,USD
LMCADP 20250930 Comdty,LMCADY Comdty,25.0,Base Metal,USD
LMZSDP 20250808 Comdty,LMZSDY Comdty,25.0,Base Metal,USD
RSX5 Comdty,RS1 Comdty,20.0,Agriculture,CAD
LMZSDP 20250926 Comdty,LMZSDY Comdty,25.0,Base Metal,USD
HIM5 Index,HI1 Index,50.0,Equity Index,HKD
LMNIDP 20250926 Comdty,LMNIDY Comdty,6.0,Base Metal,USD
HCTM5 Index,HCT1 Index,800.0,Equity Index,USD
XUM5 Index,XU1 Index,1.0,Equity Index,USD
NXU5 Index,NX1 Index,5.0,Equity Index,USD
LMZSDP 20250925 Comdty,LMZSDY Comdty,25.0,Base Metal,USD
CTZ5 Comdty,CT1 Comdty,50000.0,Agriculture,USD
HCM5 Index,HC1 Index,50.0,Equity Index,HKD
LMZSDP 20250924 Comdty,LMZSDY Comdty,25.0,Base Metal,USD
PLN5 Comdty,PL1 Comdty,50.0,Precious Metal,USD
ZZBN5 Comdty,ZZB1 Comdty,100.0,Chemicals,USD
NVU5 Curncy,NV1 Curncy,100000.0,Currency,USD
AULN25 Comdty,AUL1 Comdty,1000.0,Energy,USD
BBWN25 Comdty,BBW1 Comdty,1000.0,Energy,USD
SBN5 Comdty,SB1 Comdty,5000.0,Agriculture,USD
NQM5 Index,NQ1 Index,20.0,Equity Index,USD
ESM5 Index,ES1 Index,50.0,Equity Index,USD
DMM5 Index,DM1 Index,840.0,Equity Index,USD
LMCADP 20250918 Comdty,LMCADY Comdty,25.0,Base Metal,USD
HWBM5 Index,HWB1 Index,2.0,Equity Index,USD
SIN5 Comdty,SI1 Comdty,5000.0,Precious Metal,USD
HGN5 Comdty,HG1 Comdty,25000.0,Base Metal,USD
LMAHDP 20250820 Comdty,LMAHDY Comdty,25.0,Base Metal,USD
KOQ5 Comdty,KO1 Comdty,25.0,Agriculture,MYR
QSN5 Comdty,QS1 Comdty,100.0,Energy,USD
LMZSDP 20250618 Comdty,LMZSDY Comdty,25.0,Base Metal,USD
LMAHDP 20250916 Comdty,LMAHDY Comdty,25.0,Base Metal,USD
LMCADP 20250916 Comdty,LMCADY Comdty,25.0,Base Metal,USD
LMZSDP 20250916 Comdty,LMZSDY Comdty,25.0,Base Metal,USD
LMZSDP 20250912 Comdty,LMZSDY Comdty,25.0,Base Metal,USD
CQDN25 Comdty,CQD1 Comdty,1000.0,Energy,USD
XUCM5 Curncy,XUC1 Curncy,100000.0,Currency,CNH
KCN5 Comdty,KC1 Comdty,37500.0,Agriculture,USD
ADM5 Curncy,AD1 Curncy,100000.0,Currency,AUD
LMZSDP 20250911 Comdty,LMZSDY Comdty,25.0,Base Metal,USD
LMZSDP 20250709 Comdty,LMZSDY Comdty,25.0,Base Metal,USD
PFRN5 Comdty,PFR1 Comdty,100.0,Chemicals,USD
LMZSDP 20250910 Comdty,LMZSDY Comdty,25.0,Base Metal,USD
JYM5 Curncy,JY1 Curncy,12500000.0,Currency,USD
LMZSDP 20250708 Comdty,LMZSDY Comdty,25.0,Base Metal,USD
LMCADP 20250618 Comdty,LMCADY Comdty,25.0,Base Metal,USD
JADM5C 70 Curncy,JAD1 Curncy,12500000.0,Currency,USD
LMCADP 20250905 Comdty,LMCADY Comdty,25.0,Base Metal,USD
ECM5 Curncy,EC1 Curncy,125000.0,Currency,EUR
AZBU25 Comdty,AZB1 Comdty,1000.0,Energy,USD
AZBQ25 Comdty,AZB1 Comdty,1000.0,Energy,USD
LMZSDP 20250904 Comdty,LMZSDY Comdty,25.0,Base Metal,USD
LMNIDP 20250724 Comdty,LMNIDY Comdty,6.0,Base Metal,USD
CQDM25 Comdty,CQD1 Comdty,1000.0,Energy,USD
ASOK25 Comdty,ASO1 Comdty,1000.0,Energy,USD
BBWK25 Comdty,BBW1 Comdty,1000.0,Energy,USD
CJPK25 Comdty,CJP1 Comdty,1000.0,Energy,USD
LMAHDP 20250902 Comdty,LMAHDY Comdty,25.0,Base Metal,USD
LMZSDP 20250902 Comdty,LMZSDY Comdty,25.0,Base Metal,USD
LMZSDP 20250829 Comdty,LMZSDY Comdty,25.0,Base Metal,USD
ZZBK5 Comdty,ZZB1 Comdty,100.0,Chemicals,USD
MFSK5 Comdty,MFS1 Comdty,100.0,Ferrous,USD
SCOK5 Comdty,SCO1 Comdty,100.0,Ferrous,USD
LMNIDP 20250829 Comdty,LMNIDY Comdty,6.0,Base Metal,USD
S N5 Comdty,S 1 Comdty,5000.0,Agriculture,USD
HCTK5 Index,HCT1 Index,800.0,Equity Index,USD
C N5 Comdty,C 1 Comdty,5000.0,Agriculture,USD
XUK5 Index,XU1 Index,1.0,Equity Index,USD
GCM5P 3250 Comdty,GC1 Comdty,100.0,Precious Metal,USD
LMZSDP 20250827 Comdty,LMZSDY Comdty,25.0,Base Metal,USD
HCK5 Index,HC1 Index,50.0,Equity Index,HKD
HIK5 Index,HI1 Index,50.0,Equity Index,HKD
GCM5C 3450 Comdty,GC1 Comdty,100.0,Precious Metal,USD
BBWM25 Comdty,BBW1 Comdty,1000.0,Energy,USD
PFRM5 Comdty,PFR1 Comdty,100.0,Chemicals,USD
AULM25 Comdty,AUL1 Comdty,1000.0,Energy,USD
LMZSDP 20250822 Comdty,LMZSDY Comdty,25.0,Base Metal,USD
CDM5 Curncy,CD1 Curncy,100000.0,Currency,USD
UXK5 Index,UX1 Index,1000.0,Equity Index,USD
BON5 Comdty,BO1 Comdty,60000.0,Agriculture,USD
BGLN25 Comdty,BGL1 Comdty,10000.0,Energy,USD
SFM5 Curncy,SF1 Curncy,125000.0,Currency,USD
GCM5 Comdty,GC1 Comdty,100.0,Precious Metal,USD
KON5 Comdty,KO1 Comdty,25.0,Agriculture,MYR
LMAHDP 20250819 Comdty,LMAHDY Comdty,25.0,Base Metal,USD
LMNIDP 20250819 Comdty,LMNIDY Comdty,6.0,Base Metal,USD
LMAHDP 20250815 Comdty,LMAHDY Comdty,25.0,Base Metal,USD
LMCADP 20250815 Comdty,LMCADY Comdty,25.0,Base Metal,USD
LMZSDP 20250813 Comdty,LMZSDY Comdty,25.0,Base Metal,USD
LMZSDP 20250814 Comdty,LMZSDY Comdty,25.0,Base Metal,USD
LMCADP 20250814 Comdty,LMCADY Comdty,25.0,Base Metal,USD
NVM5 Curncy,NV1 Curncy,100000.0,Currency,USD
NXM5 Index,NX1 Index,5.0,Equity Index,USD
ASOU25 Comdty,ASO1 Comdty,1000.0,Energy,USD
ASOQ25 Comdty,ASO1 Comdty,1000.0,Energy,USD
ASON25 Comdty,ASO1 Comdty,1000.0,Energy,USD
LMCADP 20250813 Comdty,LMCADY Comdty,25.0,Base Metal,USD
LMAHDP 20250812 Comdty,LMAHDY Comdty,25.0,Base Metal,USD
LMAHDP 20250716 Comdty,LMAHDY Comdty,25.0,Base Metal,USD
LMNIDP 20250812 Comdty,LMNIDY Comdty,6.0,Base Metal,USD
LMCADP 20250812 Comdty,LMCADY Comdty,25.0,Base Metal,USD
DXM5 Curncy,DX1 Curncy,1000.0,Currency,USD
LMNIDP 20250808 Comdty,LMNIDY Comdty,6.0,Base Metal,USD
BOU5 Comdty,BO1 Comdty,60000.0,Agriculture,USD
BPM5 Curncy,BP1 Curncy,62500.0,Currency,USD
CLM5 Comdty,CL1 Comdty,1000.0,Energy,USD
NGM25 Comdty,NG1 Comdty,10000.0,Energy,USD
LMCADP 20250806 Comdty,LMCADY Comdty,25.0,Base Metal,USD
GCM5P 3200 Comdty,GC1 Comdty,100.0,Precious Metal,USD
GCM5C 3430 Comdty,GC1 Comdty,100.0,Precious Metal,USD
GCM5C 3640 Comdty,GC1 Comdty,100.0,Precious Metal,USD
GCM5P 3215 Comdty,GC1 Comdty,100.0,Precious Metal,USD
LMZSDP 20250801 Comdty,LMZSDY Comdty,25.0,Base Metal,USD
LMCADP 20250801 Comdty,LMCADY Comdty,25.0,Base Metal,USD
LMAHDP 20250801 Comdty,LMAHDY Comdty,25.0,Base Metal,USD
MFSJ5 Comdty,MFS1 Comdty,100.0,Ferrous,USD
LMNIDP 20250730 Comdty,LMNIDY Comdty,6.0,Base Metal,USD
LMNIDP 20250618 Comdty,LMNIDY Comdty,6.0,Base Metal,USD
LMCADP 20250730 Comdty,LMCADY Comdty,25.0,Base Metal,USD
SCOJ5 Comdty,SCO1 Comdty,100.0,Ferrous,USD
LMCADP 20250729 Comdty,LMCADY Comdty,25.0,Base Metal,USD
LMZSDP 20250729 Comdty,LMZSDY Comdty,25.0,Base Metal,USD
LMZSDP 20250626 Comdty,LMZSDY Comdty,25.0,Base Metal,USD
LMZSDP 20250707 Comdty,LMZSDY Comdty,25.0,Base Metal,USD
LMZSDP 20250728 Comdty,LMZSDY Comdty,25.0,Base Metal,USD
HCTJ5 Index,HCT1 Index,800.0,Equity Index,USD
LMNIDP 20250728 Comdty,LMNIDY Comdty,6.0,Base Metal,USD
AULK25 Comdty,AUL1 Comdty,1000.0,Energy,USD
LMCADP 20250728 Comdty,LMCADY Comdty,25.0,Base Metal,USD
XUJ5 Index,XU1 Index,1.0,Equity Index,USD
HIJ5 Index,HI1 Index,50.0,Equity Index,HKD
LMZSDP 20250725 Comdty,LMZSDY Comdty,25.0,Base Metal,USD
LMAHDP 20250725 Comdty,LMAHDY Comdty,25.0,Base Metal,USD
RSN5 Comdty,RS1 Comdty,20.0,Agriculture,CAD
HCJ5 Index,HC1 Index,50.0,Equity Index,HKD
LMZSDP 20250724 Comdty,LMZSDY Comdty,25.0,Base Metal,USD
LMAHDP 20250723 Comdty,LMAHDY Comdty,25.0,Base Metal,USD
LMAHDP 20250618 Comdty,LMAHDY Comdty,25.0,Base Metal,USD
LMZSDP 20250521 Comdty,LMZSDY Comdty,25.0,Base Metal,USD
PFRK5 Comdty,PFR1 Comdty,100.0,Chemicals,USD
LMNIDP 20250723 Comdty,LMNIDY Comdty,6.0,Base Metal,USD
LMZSDP 20250722 Comdty,LMZSDY Comdty,25.0,Base Metal,USD
LMNIDP 20250722 Comdty,LMNIDY Comdty,6.0,Base Metal,USD
LMCADP 20250722 Comdty,LMCADY Comdty,25.0,Base Metal,USD
LMZSDP 20250620 Comdty,LMZSDY Comdty,25.0,Base Metal,USD
LMZSDP 20250611 Comdty,LMZSDY Comdty,25.0,Base Metal,USD
BOK5 Comdty,BO1 Comdty,60000.0,Agriculture,USD
SIK5 Comdty,SI1 Comdty,5000.0,Precious Metal,USD
LMZSDP 20250717 Comdty,LMZSDY Comdty,25.0,Base Metal,USD
KOK5 Comdty,KO1 Comdty,25.0,Agriculture,MYR
NGK25 Comdty,NG1 Comdty,10000.0,Energy,USD
LMCADP 20250707 Comdty,LMCADY Comdty,25.0,Base Metal,USD
LMZSDP 20250701 Comdty,LMZSDY Comdty,25.0,Base Metal,USD
LMCADP 20250717 Comdty,LMCADY Comdty,25.0,Base Metal,USD
UXJ5 Index,UX1 Index,1000.0,Equity Index,USD
HWAM5 Index,HWA1 Index,5.0,Equity Index,USD
LMNIDP 20250715 Comdty,LMNIDY Comdty,6.0,Base Metal,USD
LMCADP 20250715 Comdty,LMCADY Comdty,25.0,Base Metal,USD
LMCADP 20250714 Comdty,LMCADY Comdty,25.0,Base Metal,USD
LMAHDP 20250714 Comdty,LMAHDY Comdty,25.0,Base Metal,USD
LMNIDP 20250521 Comdty,LMNIDY Comdty,6.0,Base Metal,USD
LMNIDP 20250714 Comdty,LMNIDY Comdty,6.0,Base Metal,USD
LMCADP 20250711 Comdty,LMCADY Comdty,25.0,Base Metal,USD
LMNIDP 20250416 Comdty,LMNIDY Comdty,6.0,Base Metal,USD
SMN5 Comdty,SM1 Comdty,100.0,Agriculture,USD
SMK5 Comdty,SM1 Comdty,100.0,Agriculture,USD
LMCADP 20250710 Comdty,LMCADY Comdty,25.0,Base Metal,USD
LMCADP 20250709 Comdty,LMCADY Comdty,25.0,Base Metal,USD
LMCADP 20250620 Comdty,LMCADY Comdty,25.0,Base Metal,USD
KCK5 Comdty,KC1 Comdty,37500.0,Agriculture,USD
LMNIDP 20250711 Comdty,LMNIDY Comdty,6.0,Base Metal,USD
LMNIDP 20250708 Comdty,LMNIDY Comdty,6.0,Base Metal,USD
MCYJ5 Index,MCY1 Index,25.0,Equity Index,USD
LMNIDP 20250710 Comdty,LMNIDY Comdty,6.0,Base Metal,USD
LMNIDP 20250707 Comdty,LMNIDY Comdty,6.0,Base Metal,USD
LMZSDP 20250710 Comdty,LMZSDY Comdty,25.0,Base Metal,USD
LMNIDP 20250709 Comdty,LMNIDY Comdty,6.0,Base Metal,USD
CLK5 Comdty,CL1 Comdty,1000.0,Energy,USD
XBK5 Comdty,XB1 Comdty,42000.0,Energy,USD
LMZSDP 20250630 Comdty,LMZSDY Comdty,25.0,Base Metal,USD
SCOK5P 95 Comdty,SCO1 Comdty,100.0,Ferrous,USD
SCOJ5P 95 Comdty,SCO1 Comdty,100.0,Ferrous,USD
LMAHDP 20250707 Comdty,LMAHDY Comdty,25.0,Base Metal,USD
LMCADP 20250708 Comdty,LMCADY Comdty,25.0,Base Metal,USD
AZBK25 Comdty,AZB1 Comdty,1000.0,Energy,USD
LMCADP 20250627 Comdty,LMCADY Comdty,25.0,Base Metal,USD
LMCADP 20250617 Comdty,LMCADY Comdty,25.0,Base Metal,USD
LMCADP 20250613 Comdty,LMCADY Comdty,25.0,Base Metal,USD
LMCADP 20250606 Comdty,LMCADY Comdty,25.0,Base Metal,USD
LMCADP 20250516 Comdty,LMCADY Comdty,25.0,Base Metal,USD
LMCADP 20250513 Comdty,LMCADY Comdty,25.0,Base Metal,USD
HGK5 Comdty,HG1 Comdty,25000.0,Base Metal,USD
COM5 Comdty,CO1 Comdty,1000.0,Energy,USD
LMNIDP 20250703 Comdty,LMNIDY Comdty,6.0,Base Metal,USD
LMZSDP 20250703 Comdty,LMZSDY Comdty,25.0,Base Metal,USD
LMCADP 20250703 Comdty,LMCADY Comdty,25.0,Base Metal,USD
CON5 Comdty,CO1 Comdty,1000.0,Energy,USD
LMZSDP 20250613 Comdty,LMZSDY Comdty,25.0,Base Metal,USD
LMZSDP 20250422 Comdty,LMZSDY Comdty,25.0,Base Metal,USD
AWEU25 Comdty,AWE1 Comdty,1000.0,Energy,USD
AWEQ25 Comdty,AWE1 Comdty,1000.0,Energy,USD
AWEN25 Comdty,AWE1 Comdty,1000.0,Energy,USD
HOK5 Comdty,HO1 Comdty,42000.0,Energy,USD
LMZSDP 20250702 Comdty,LMZSDY Comdty,25.0,Base Metal,USD
BBWJ25 Comdty,BBW1 Comdty,1000.0,Energy,USD
ZZBJ5 Comdty,ZZB1 Comdty,100.0,Chemicals,USD
S K5 Comdty,S 1 Comdty,5000.0,Agriculture,USD
LMNIDP 20250701 Comdty,LMNIDY Comdty,6.0,Base Metal,USD
LMCADP 20250701 Comdty,LMCADY Comdty,25.0,Base Metal,USD
LMCADP 20250512 Comdty,LMCADY Comdty,25.0,Base Metal,USD
LMCADP 20250611 Comdty,LMCADY Comdty,25.0,Base Metal,USD
USDCNY 20250703 NDF,USDCNY 20250703 NDF,1.0,Currency,USD
USDCNY 20250507 NDF,USDCNY 20250507 NDF,1.0,Currency,USD
CJPH25 Comdty,CJP1 Comdty,1000.0,Energy,USD
LMNIDP 20250630 Comdty,LMNIDY Comdty,6.0,Base Metal,USD
LMCADP 20250509 Comdty,LMCADY Comdty,25.0,Base Metal,USD
SCOH5 Comdty,SCO1 Comdty,100.0,Ferrous,USD
SCOH5P 90 Comdty,SCO1 Comdty,100.0,Ferrous,USD
SCOH5P 95 Comdty,SCO1 Comdty,100.0,Ferrous,USD
MFSH5 Comdty,MFS1 Comdty,100.0,Ferrous,USD
LMNIDP 20250627 Comdty,LMNIDY Comdty,6.0,Base Metal,USD
LMZSDP 20250627 Comdty,LMZSDY Comdty,25.0,Base Metal,USD
LMZSDP 20250625 Comdty,LMZSDY Comdty,25.0,Base Metal,USD
KOM5 Comdty,KO1 Comdty,25.0,Agriculture,MYR
HIH5 Index,HI1 Index,50.0,Equity Index,HKD
XUH5 Index,XU1 Index,1.0,Equity Index,USD
HCTH5 Index,HCT1 Index,800.0,Equity Index,USD
LMCADP 20250626 Comdty,LMCADY Comdty,25.0,Base Metal,USD
LMNIDP 20250626 Comdty,LMNIDY Comdty,6.0,Base Metal,USD
LMZSDP 20250612 Comdty,LMZSDY Comdty,25.0,Base Metal,USD
HCH5 Index,HC1 Index,50.0,Equity Index,HKD
LMCADP 20250625 Comdty,LMCADY Comdty,25.0,Base Metal,USD
CJPJ25 Comdty,CJP1 Comdty,1000.0,Energy,USD
LMZSDP 20250624 Comdty,LMZSDY Comdty,25.0,Base Metal,USD
LMCADP 20250624 Comdty,LMCADY Comdty,25.0,Base Metal,USD
LMNIDP 20250620 Comdty,LMNIDY Comdty,6.0,Base Metal,USD
BATM25 Comdty,BAT1 Comdty,1000.0,Energy,USD
AWEM25 Comdty,AWE1 Comdty,1000.0,Energy,USD
CTK5 Comdty,CT1 Comdty,50000.0,Agriculture,USD
ESH5 Index,ES1 Index,50.0,Equity Index,USD
NQH5 Index,NQ1 Index,20.0,Equity Index,USD
GCJ5 Comdty,GC1 Comdty,100.0,Precious Metal,USD
LMNIDP 20250617 Comdty,LMNIDY Comdty,6.0,Base Metal,USD
LMZSDP 20250617 Comdty,LMZSDY Comdty,25.0,Base Metal,USD
LMNIDP 20250611 Comdty,LMNIDY Comdty,6.0,Base Metal,USD
LMZSDP 20250319 Comdty,LMZSDY Comdty,25.0,Base Metal,USD
LMAHDP 20250613 Comdty,LMAHDY Comdty,25.0,Base Metal,USD
LMAHDP 20250521 Comdty,LMAHDY Comdty,25.0,Base Metal,USD
LMNIDP 20250613 Comdty,LMNIDY Comdty,6.0,Base Metal,USD
LMZSDP 20250610 Comdty,LMZSDY Comdty,25.0,Base Metal,USD
LMZSDP 20250605 Comdty,LMZSDY Comdty,25.0,Base Metal,USD
LMNIDP 20250612 Comdty,LMNIDY Comdty,6.0,Base Metal,USD
LMCADP 20250603 Comdty,LMCADY Comdty,25.0,Base Metal,USD
LMCADP 20250612 Comdty,LMCADY Comdty,25.0,Base Metal,USD
LMCADP 20250523 Comdty,LMCADY Comdty,25.0,Base Metal,USD
LMZSDP 20250604 Comdty,LMZSDY Comdty,25.0,Base Metal,USD
CQDJ25 Comdty,CQD1 Comdty,1000.0,Energy,USD
XUCH5 Curncy,XUC1 Curncy,100000.0,Currency,CNH
ECH5 Curncy,EC1 Curncy,125000.0,Currency,USD
C K5 Comdty,C 1 Comdty,5000.0,Agriculture,USD
LMCADP 20250521 Comdty,LMCADY Comdty,25.0,Base Metal,USD
JYH5 Curncy,JY1 Curncy,12500000.0,Currency,USD
ADH5 Curncy,AD1 Curncy,100000.0,Currency,USD
LMZSDP 20250606 Comdty,LMZSDY Comdty,25.0,Base Metal,USD
LMNIDP 20250319 Comdty,LMNIDY Comdty,6.0,Base Metal,USD
LMNIDP 20250606 Comdty,LMNIDY Comdty,6.0,Base Metal,USD
BPH5 Curncy,BP1 Curncy,62500.0,Currency,USD
LMZSDP 20250512 Comdty,LMZSDY Comdty,25.0,Base Metal,USD
LMAHDP 20250605 Comdty,LMAHDY Comdty,25.0,Base Metal,USD
LMAHDP 20250527 Comdty,LMAHDY Comdty,25.0,Base Metal,USD
LMNIDP 20250605 Comdty,LMNIDY Comdty,6.0,Base Metal,USD
LMNIDP 20250604 Comdty,LMNIDY Comdty,6.0,Base Metal,USD
CQDH25 Comdty,CQD1 Comdty,1000.0,Energy,USD
LMZSDP 20250603 Comdty,LMZSDY Comdty,25.0,Base Metal,USD
USDCNY 20250410 NDF,USDCNY 20250410 NDF,1.0,Currency,USD
SCOG5 Comdty,SCO1 Comdty,100.0,Ferrous,USD
MFSG5 Comdty,MFS1 Comdty,100.0,Ferrous,USD
LMZSDP 20250528 Comdty,LMZSDY Comdty,25.0,Base Metal,USD
LMCADP 20250528 Comdty,LMCADY Comdty,25.0,Base Metal,USD
LMCADP 20250507 Comdty,LMCADY Comdty,25.0,Base Metal,USD
LMCADP 20250422 Comdty,LMCADY Comdty,25.0,Base Metal,USD
BBWH25 Comdty,BBW1 Comdty,1000.0,Energy,USD
ZZBH5 Comdty,ZZB1 Comdty,100.0,Chemicals,USD
LMNIDP 20250527 Comdty,LMNIDY Comdty,6.0,Base Metal,USD
KCK5P 400 Comdty,KC1 Comdty,37500.0,Agriculture,USD
HIG5 Index,HI1 Index,50.0,Equity Index,HKD
LMZSDP 20250527 Comdty,LMZSDY Comdty,25.0,Base Metal,USD
HCTG5 Index,HCT1 Index,800.0,Equity Index,USD
LMZSDP 20250514 Comdty,LMZSDY Comdty,25.0,Base Metal,USD
CDH5 Curncy,CD1 Curncy,100000.0,Currency,USD
NGJ25 Comdty,NG1 Comdty,10000.0,Energy,USD
LMZSDP 20250523 Comdty,LMZSDY Comdty,25.0,Base Metal,USD
LMZSDP 20250509 Comdty,LMZSDY Comdty,25.0,Base Metal,USD
LMZSDP 20250507 Comdty,LMZSDY Comdty,25.0,Base Metal,USD
LMZSDP 20250520 Comdty,LMZSDY Comdty,25.0,Base Metal,USD
HCG5 Index,HC1 Index,50.0,Equity Index,HKD
LMZSDP 20250416 Comdty,LMZSDY Comdty,25.0,Base Metal,USD
LMCADP 20250519 Comdty,LMCADY Comdty,25.0,Base Metal,USD
LMZSDP 20250519 Comdty,LMZSDY Comdty,25.0,Base Metal,USD
LMAHDP 20250519 Comdty,LMAHDY Comdty,25.0,Base Metal,USD
C H5 Comdty,C 1 Comdty,5000.0,Agriculture,USD
S H5 Comdty,S 1 Comdty,5000.0,Agriculture,USD
NGH25 Comdty,NG1 Comdty,10000.0,Energy,USD
LMCADP 20250514 Comdty,LMCADY Comdty,25.0,Base Metal,USD
LMNIDP 20250514 Comdty,LMNIDY Comdty,6.0,Base Metal,USD
LMNIDP 20250506 Comdty,LMNIDY Comdty,6.0,Base Metal,USD
LMCADP 20250506 Comdty,LMCADY Comdty,25.0,Base Metal,USD
LMNIDP 20250512 Comdty,LMNIDY Comdty,6.0,Base Metal,USD
LMNIDP 20250219 Comdty,LMNIDY Comdty,6.0,Base Metal,USD
HWBH5 Index,HWB1 Index,2.0,Equity Index,USD
LMZSDP 20250219 Comdty,LMZSDY Comdty,25.0,Base Metal,USD
CLH5 Comdty,CL1 Comdty,1000.0,Energy,USD
LMCADP 20250319 Comdty,LMCADY Comdty,25.0,Base Metal,USD
LMZSDP 20250424 Comdty,LMZSDY Comdty,25.0,Base Metal,USD
COK5 Comdty,CO1 Comdty,1000.0,Energy,USD
LMAHDP 20250509 Comdty,LMAHDY Comdty,25.0,Base Metal,USD
LMNIDP 20250509 Comdty,LMNIDY Comdty,6.0,Base Metal,USD
PFRH5 Comdty,PFR1 Comdty,100.0,Chemicals,USD
MCYG5 Index,MCY1 Index,25.0,Equity Index,USD
PFRJ5 Comdty,PFR1 Comdty,100.0,Chemicals,USD
HGH5 Comdty,HG1 Comdty,25000.0,Base Metal,USD
LMZSDP 20250502 Comdty,LMZSDY Comdty,25.0,Base Metal,USD
LMZSDP 20250506 Comdty,LMZSDY Comdty,25.0,Base Metal,USD
RSK5 Comdty,RS1 Comdty,20.0,Agriculture,CAD
SBK5 Comdty,SB1 Comdty,112000.0,Agriculture,USD
LMNIDP 20250423 Comdty,LMNIDY Comdty,6.0,Base Metal,USD
KCH5 Comdty,KC1 Comdty,37500.0,Agriculture,USD
BBWF25 Comdty,BBW1 Comdty,1000.0,Energy,USD
MFSF5 Comdty,MFS1 Comdty,100.0,Ferrous,USD
ZZBF5 Comdty,ZZB1 Comdty,100.0,Chemicals,USD
SCOF5P 90 Comdty,SCO1 Comdty,100.0,Ferrous,USD
SCOF5 Comdty,SCO1 Comdty,100.0,Ferrous,USD
SIH5 Comdty,SI1 Comdty,5000.0,Precious Metal,USD
LMNIDP 20250422 Comdty,LMNIDY Comdty,6.0,Base Metal,USD
LMNIDP 20250430 Comdty,LMNIDY Comdty,6.0,Base Metal,USD
AULH25 Comdty,AUL1 Comdty,1000.0,Energy,USD
BCAH25 Comdty,BCA1 Comdty,1000.0,Energy,USD
LMZSDP 20250428 Comdty,LMZSDY Comdty,25.0,Base Metal,USD
LMZSDP 20250423 Comdty,LMZSDY Comdty,25.0,Base Metal,USD
NXH5 Index,NX1 Index,5.0,Equity Index,USD
HCTF5 Index,HCT1 Index,800.0,Equity Index,USD
BOH5 Comdty,BO1 Comdty,60000.0,Agriculture,USD
JWLH25 Comdty,JWL1 Comdty,1000.0,Energy,USD
HIF5 Index,HI1 Index,50.0,Equity Index,HKD
GCG5 Comdty,GC1 Comdty,100.0,Precious Metal,USD
LMNIDP 20250417 Comdty,LMNIDY Comdty,6.0,Base Metal,USD
CLG5 Comdty,CL1 Comdty,1000.0,Energy,USD
Z H5 Index,Z 1 Index,10.0,Equity Index,GBP
SCOG5C 107 Comdty,SCO1 Comdty,100.0,Ferrous,USD
LMZSDP 20250415 Comdty,LMZSDY Comdty,25.0,Base Metal,USD
SCOF5C 100 Comdty,SCO1 Comdty,100.0,Ferrous,USD
HCF5 Index,HC1 Index,50.0,Equity Index,HKD
COH5 Comdty,CO1 Comdty,1000.0,Energy,USD
NGG25 Comdty,NG1 Comdty,10000.0,Energy,USD
LMNIDP 20250414 Comdty,LMNIDY Comdty,6.0,Base Metal,USD
JWLK25 Comdty,JWL1 Comdty,1000.0,Energy,USD
JWLG25 Comdty,JWL1 Comdty,1000.0,Energy,USD
AZBJ25 Comdty,AZB1 Comdty,1000.0,Energy,USD
CTH5 Comdty,CT1 Comdty,50000.0,Agriculture,USD
LMAHDP 20250115 Comdty,LMAHDY Comdty,25.0,Base Metal,USD
AZBG25 Comdty,AZB1 Comdty,1000.0,Energy,USD
BBWG25 Comdty,BBW1 Comdty,1000.0,Energy,USD
ZZBG5 Comdty,ZZB1 Comdty,100.0,Chemicals,USD
LMNIDP 20250115 Comdty,LMNIDY Comdty,6.0,Base Metal,USD
LMNIDP 20250410 Comdty,LMNIDY Comdty,6.0,Base Metal,USD
LMNIDP 20250409 Comdty,LMNIDY Comdty,6.0,Base Metal,USD
LMCADP 20250416 Comdty,LMCADY Comdty,25.0,Base Metal,USD
LMCADP 20250409 Comdty,LMCADY Comdty,25.0,Base Metal,USD
LMNIDP 20250403 Comdty,LMNIDY Comdty,6.0,Base Metal,USD
CJPG25 Comdty,CJP1 Comdty,1000.0,Energy,USD
LMNIDP 20250408 Comdty,LMNIDY Comdty,6.0,Base Metal,USD
MCYF5 Index,MCY1 Index,25.0,Equity Index,USD
LMZSDP 20250408 Comdty,LMZSDY Comdty,25.0,Base Metal,USD
LMZSDP 20250407 Comdty,LMZSDY Comdty,25.0,Base Metal,USD
RTYH5 Index,RTY1 Index,50.0,Equity Index,USD
LMNIDP 20250407 Comdty,LMNIDY Comdty,6.0,Base Metal,USD
LMCADP 20250407 Comdty,LMCADY Comdty,25.0,Base Metal,USD
JYF5 Curncy,JY1 Curncy,12500000.0,Currency,USD
CJPZ24 Comdty,CJP1 Comdty,1000.0,Energy,USD
KOH5 Comdty,KO1 Comdty,25.0,Agriculture,MYR
LMCADP 20250205 Comdty,LMCADY Comdty,25.0,Base Metal,USD
LMCADP 20250204 Comdty,LMCADY Comdty,25.0,Base Metal,USD
LMCADP 20250130 Comdty,LMCADY Comdty,25.0,Base Metal,USD
LMNIDP 20250402 Comdty,LMNIDY Comdty,6.0,Base Metal,USD
SCOZ4C 110 Comdty,SCO1 Comdty,100.0,Ferrous,USD
SCOZ4 Comdty,SCO1 Comdty,100.0,Ferrous,USD
LMNIDP 20250331 Comdty,LMNIDY Comdty,6.0,Base Metal,USD
LMCADP 20250331 Comdty,LMCADY Comdty,25.0,Base Metal,USD
